date,symbol,close,volume
2025-06-02,SCOM,30.28,247047
2025-06-03,SCOM,30.68,356130
2025-06-04,SCOM,30.21,2763883
2025-06-05,SCOM,29.73,1284836
2025-06-06,SCOM,30.12,2019653
2025-06-09,SCOM,29.88,137083
2025-06-10,SCOM,30.35,2150685
2025-06-11,SCOM,30.56,522248
2025-06-12,SCOM,31.05,770425
2025-06-13,SCOM,30.94,170888
2025-06-16,SCOM,31.14,881861
2025-06-17,SCOM,31.18,1094581
2025-06-18,SCOM,30.86,2879356
2025-06-19,SCOM,30.98,1676925
2025-06-20,SCOM,30.78,2690043
2025-06-23,SCOM,30.64,342945
2025-06-24,SCOM,31.08,1852633
2025-06-25,SCOM,30.66,2504089
2025-06-26,SCOM,30.78,2544377
2025-06-27,SCOM,30.26,2357240
2025-06-30,SCOM,29.89,231657
2025-07-01,SCOM,30.54,948153
2025-07-02,SCOM,30.54,2662341
2025-07-03,SCOM,30.68,1089450
2025-07-04,SCOM,31.19,150329
2025-07-07,SCOM,30.84,530661
2025-07-08,SCOM,30.77,2001015
2025-07-09,SCOM,30.67,2963819
2025-07-10,SCOM,30.31,843848
2025-07-11,SCOM,30.97,1265286
2025-07-14,SCOM,30.98,1106346
2025-07-15,SCOM,31.15,660632
2025-07-16,SCOM,30.84,1189967
2025-07-17,SCOM,30.71,724068
2025-07-18,SCOM,30.24,2675475
2025-07-21,SCOM,29.94,1142103
2025-07-22,SCOM,29.64,489130
2025-07-23,SCOM,30.00,2651653
2025-07-24,SCOM,29.93,610364
2025-07-25,SCOM,29.81,2060035
2025-07-28,SCOM,29.61,1445172
2025-07-29,SCOM,29.39,608571
2025-07-30,SCOM,29.42,2968934
2025-07-31,SCOM,28.94,2096561
2025-08-01,SCOM,28.57,966041
2025-08-04,SCOM,28.34,1617100
2025-08-05,SCOM,28.70,2439875
2025-08-06,SCOM,28.26,1847064
2025-08-07,SCOM,27.98,2840422
2025-08-08,SCOM,28.07,1991308
2025-08-11,SCOM,27.64,2931680
2025-08-12,SCOM,27.54,2551469
2025-08-13,SCOM,27.73,2453948
2025-08-14,SCOM,27.44,1043665
2025-08-15,SCOM,27.58,2466125
2025-08-18,SCOM,27.50,350055
2025-08-19,SCOM,27.20,2347068
2025-08-20,SCOM,26.77,837996
2025-08-21,SCOM,27.31,1885534
2025-08-22,SCOM,27.43,118237
2025-08-25,SCOM,27.84,2069915
2025-08-26,SCOM,27.50,888421
2025-08-27,SCOM,27.92,2822388
2025-08-28,SCOM,28.41,2843403
2025-08-29,SCOM,28.91,2611510
2025-09-01,SCOM,28.87,532294
2025-09-02,SCOM,28.69,1777153
2025-09-03,SCOM,28.20,191180
2025-09-04,SCOM,28.27,770897
2025-09-05,SCOM,28.86,2451441
2025-09-08,SCOM,29.27,85240
2025-09-09,SCOM,29.59,404154
2025-09-10,SCOM,29.46,97102
2025-09-11,SCOM,29.68,1544929
2025-09-12,SCOM,29.48,2471372
2025-09-15,SCOM,29.17,2952511
2025-09-16,SCOM,29.83,1707727
2025-09-17,SCOM,30.24,2487651
2025-09-18,SCOM,30.59,1824716
2025-09-19,SCOM,30.15,1771903
2025-09-22,SCOM,29.76,1820951
2025-09-23,SCOM,29.74,2449411
2025-09-24,SCOM,29.47,2486782
2025-09-25,SCOM,29.53,2243714
2025-09-26,SCOM,29.69,2724198
2025-09-29,SCOM,30.00,608387
2025-09-30,SCOM,29.72,1331297
2025-10-01,SCOM,29.96,603537
2025-10-02,SCOM,30.00,466160
2025-10-03,SCOM,30.11,2918372
2025-10-06,SCOM,30.17,1851806
2025-10-07,SCOM,30.22,2069996
2025-10-08,SCOM,29.89,335684
2025-10-09,SCOM,29.94,1107561
2025-10-10,SCOM,30.58,783064
2025-10-13,SCOM,30.32,2298628
2025-10-14,SCOM,30.76,2271929
2025-10-15,SCOM,30.98,531406
2025-10-16,SCOM,30.49,2464731
2025-10-17,SCOM,31.00,1054988
2025-10-20,SCOM,31.55,2967733
2025-10-21,SCOM,31.09,1160537
2025-10-22,SCOM,30.80,128322
2025-10-23,SCOM,30.90,606558
2025-10-24,SCOM,31.34,1124490
2025-10-27,SCOM,31.94,2893773
2025-10-28,SCOM,31.67,1178517
2025-10-29,SCOM,32.02,1739283
2025-10-30,SCOM,32.74,1307135
2025-10-31,SCOM,32.60,2886115
2025-11-03,SCOM,32.89,1865415
2025-11-04,SCOM,32.36,2528635
2025-11-05,SCOM,32.43,526094
2025-11-06,SCOM,32.20,1486388
2025-11-07,SCOM,32.29,559407
2025-11-10,SCOM,32.61,340706
2025-11-11,SCOM,32.18,2355039
2025-11-12,SCOM,32.46,1421199
2025-11-13,SCOM,33.07,2146601
2025-11-14,SCOM,33.35,179083
2025-11-17,SCOM,33.59,1795043
2025-11-18,SCOM,33.89,1210318
2025-11-19,SCOM,34.47,972639
2025-11-20,SCOM,34.33,234553
2025-11-21,SCOM,34.25,447428
2025-11-24,SCOM,34.38,783862
2025-11-25,SCOM,35.03,1957567
2025-11-26,SCOM,34.71,2415884
2025-11-27,SCOM,35.07,972334
2025-11-28,SCOM,35.81,1338522
2025-12-01,SCOM,36.31,1878858
2025-12-02,SCOM,36.85,1377886
2025-12-03,SCOM,36.23,2600588
2025-12-04,SCOM,36.43,160197
2025-12-05,SCOM,36.57,2189310
2025-12-08,SCOM,36.25,2069993
2025-12-09,SCOM,36.72,1801057
2025-12-10,SCOM,37.12,877932
2025-12-11,SCOM,37.28,1068495
2025-12-12,SCOM,38.09,2659346
2025-12-15,SCOM,38.34,2653989
2025-12-16,SCOM,38.70,763083
2025-12-17,SCOM,38.77,1841223
2025-12-18,SCOM,39.53,1944874
2025-12-19,SCOM,38.87,1919194
2025-12-22,SCOM,38.49,2327484
2025-12-23,SCOM,39.16,2426507
2025-12-24,SCOM,39.43,729765
2025-12-25,SCOM,39.07,2761593
2025-12-26,SCOM,38.60,2551010
2025-12-29,SCOM,39.32,2185515
2025-12-30,SCOM,39.83,312501
2025-12-31,SCOM,39.30,443847
2026-01-01,SCOM,38.76,1585888
2026-01-02,SCOM,39.43,1511128
2026-01-05,SCOM,39.72,196881
2026-01-06,SCOM,40.33,1165664
2026-01-07,SCOM,39.78,1203773
2026-01-08,SCOM,39.47,2844111
2026-01-09,SCOM,39.26,745790
2026-01-12,SCOM,39.04,2562862
2026-01-13,SCOM,38.66,1080148
2026-01-14,SCOM,39.06,2357054
2026-01-15,SCOM,38.60,327435
2026-01-16,SCOM,38.62,1504518
2026-01-19,SCOM,38.26,2840478
2026-01-20,SCOM,38.43,320081
2026-01-21,SCOM,38.30,2605751
2026-01-22,SCOM,37.76,1011258
2026-01-23,SCOM,38.22,2841532
2026-01-26,SCOM,37.82,1233506
2026-01-27,SCOM,38.10,1056929
2026-01-28,SCOM,37.66,288378
2026-01-29,SCOM,37.90,311120
2026-01-30,SCOM,37.68,2062124
2026-02-02,SCOM,38.21,1790386
2026-02-03,SCOM,38.09,2422977
2026-02-04,SCOM,38.78,2522940
2026-02-05,SCOM,39.36,1698566
2026-02-06,SCOM,39.80,1845836
2026-02-09,SCOM,39.64,2444005
2026-02-10,SCOM,39.30,2164052
2026-02-11,SCOM,38.69,327860
2026-02-12,SCOM,38.85,1081019
2026-02-13,SCOM,38.74,2543593
2026-02-16,SCOM,38.31,2436378
2026-02-17,SCOM,38.08,1903465
2026-02-18,SCOM,38.21,419385
2026-02-19,SCOM,38.19,2734040
2026-02-20,SCOM,38.20,245680
2026-02-23,SCOM,37.63,2507875
2026-02-24,SCOM,38.18,2549241
2026-02-25,SCOM,38.40,1852081
2026-02-26,SCOM,39.13,70462
2026-02-27,SCOM,38.87,283510
2026-03-02,SCOM,38.28,712072
2026-03-03,SCOM,37.77,2006721
2026-03-04,SCOM,37.43,1492079
2026-03-05,SCOM,37.42,490888
2026-03-06,SCOM,37.32,2781065
2026-03-09,SCOM,37.93,2933817
2026-03-10,SCOM,38.47,1509808
2026-03-11,SCOM,38.35,351103
2026-03-12,SCOM,38.86,215475
2026-03-13,SCOM,38.81,1575923
2026-03-16,SCOM,38.63,2089206
2026-03-17,SCOM,38.92,1497500
2026-03-18,SCOM,38.46,2180946
2026-03-19,SCOM,38.86,240292
2026-03-20,SCOM,39.11,214112
2026-03-23,SCOM,39.71,348714
2026-03-24,SCOM,40.57,1746981
2026-03-25,SCOM,41.05,2726082
2026-03-26,SCOM,41.56,392694
2026-03-27,SCOM,41.12,1005217
2026-03-30,SCOM,40.47,1611312
2026-03-31,SCOM,40.28,2442178
2026-04-01,SCOM,39.67,2226393
2026-04-02,SCOM,40.12,1258745
2026-04-03,SCOM,39.78,756816
2026-04-06,SCOM,39.89,2730268
2026-04-07,SCOM,40.24,985779
2026-04-08,SCOM,41.00,555707
2026-04-09,SCOM,41.54,2121016
2026-04-10,SCOM,40.83,2186936
2026-04-13,SCOM,40.37,1459673
2026-04-14,SCOM,40.61,1831212
2026-04-15,SCOM,40.95,965380
2026-04-16,SCOM,40.90,2354133
2026-04-17,SCOM,40.49,1747879
2026-04-20,SCOM,41.20,1748440
2026-04-21,SCOM,41.60,2423136
2026-04-22,SCOM,41.32,1631015
2026-04-23,SCOM,40.81,1248234
2026-04-24,SCOM,40.62,553846
2025-06-02,EQTY,87.65,299303
2025-06-03,EQTY,86.14,1616053
2025-06-04,EQTY,85.60,1436491
2025-06-05,EQTY,85.44,2111514
2025-06-06,EQTY,84.06,981103
2025-06-09,EQTY,85.16,453568
2025-06-10,EQTY,85.68,402476
2025-06-11,EQTY,85.73,2132825
2025-06-12,EQTY,86.82,2143516
2025-06-13,EQTY,88.52,1107111
2025-06-16,EQTY,89.22,2276899
2025-06-17,EQTY,89.42,2866144
2025-06-18,EQTY,91.02,162962
2025-06-19,EQTY,89.59,2870313
2025-06-20,EQTY,90.54,1888049
2025-06-23,EQTY,92.16,2432379
2025-06-24,EQTY,94.04,1559002
2025-06-25,EQTY,95.29,2885896
2025-06-26,EQTY,97.45,2689805
2025-06-27,EQTY,99.59,701645
2025-06-30,EQTY,98.50,822376
2025-07-01,EQTY,97.71,591893
2025-07-02,EQTY,96.39,2498111
2025-07-03,EQTY,96.22,2683456
2025-07-04,EQTY,95.41,1050735
2025-07-07,EQTY,94.64,2609765
2025-07-08,EQTY,95.11,2117414
2025-07-09,EQTY,93.66,840992
2025-07-10,EQTY,92.93,150837
2025-07-11,EQTY,94.56,588142
2025-07-14,EQTY,94.07,2720123
2025-07-15,EQTY,93.35,1560504
2025-07-16,EQTY,92.53,2556969
2025-07-17,EQTY,93.70,1706873
2025-07-18,EQTY,94.57,2155500
2025-07-21,EQTY,93.69,579039
2025-07-22,EQTY,94.72,1089053
2025-07-23,EQTY,93.13,1700412
2025-07-24,EQTY,92.29,1866276
2025-07-25,EQTY,92.76,2340300
2025-07-28,EQTY,94.28,170507
2025-07-29,EQTY,95.82,110582
2025-07-30,EQTY,95.45,62199
2025-07-31,EQTY,95.06,1457987
2025-08-01,EQTY,94.01,932899
2025-08-04,EQTY,95.59,1013286
2025-08-05,EQTY,94.39,2294176
2025-08-06,EQTY,95.46,1996888
2025-08-07,EQTY,94.27,309417
2025-08-08,EQTY,94.77,2951269
2025-08-11,EQTY,94.18,224269
2025-08-12,EQTY,96.03,2660528
2025-08-13,EQTY,95.74,65152
2025-08-14,EQTY,96.19,1967676
2025-08-15,EQTY,97.02,468809
2025-08-18,EQTY,97.52,2261544
2025-08-19,EQTY,99.02,1007664
2025-08-20,EQTY,99.72,757517
2025-08-21,EQTY,99.61,508591
2025-08-22,EQTY,101.86,1424843
2025-08-25,EQTY,101.67,2300557
2025-08-26,EQTY,103.20,421851
2025-08-27,EQTY,104.37,2461288
2025-08-28,EQTY,104.94,1914468
2025-08-29,EQTY,106.83,1450447
2025-09-01,EQTY,105.61,1372738
2025-09-02,EQTY,105.01,186289
2025-09-03,EQTY,107.23,1153741
2025-09-04,EQTY,107.97,819628
2025-09-05,EQTY,107.50,2317455
2025-09-08,EQTY,106.45,1136366
2025-09-09,EQTY,105.78,1876755
2025-09-10,EQTY,105.27,1867498
2025-09-11,EQTY,103.47,2932932
2025-09-12,EQTY,101.98,943429
2025-09-15,EQTY,102.40,2140348
2025-09-16,EQTY,101.06,1559647
2025-09-17,EQTY,99.71,1700792
2025-09-18,EQTY,99.61,2357790
2025-09-19,EQTY,99.03,2503433
2025-09-22,EQTY,98.76,1350555
2025-09-23,EQTY,100.54,605255
2025-09-24,EQTY,100.87,2150919
2025-09-25,EQTY,100.43,2101051
2025-09-26,EQTY,101.21,2526648
2025-09-29,EQTY,99.53,1192201
2025-09-30,EQTY,99.32,480379
2025-10-01,EQTY,101.51,417122
2025-10-02,EQTY,101.97,385634
2025-10-03,EQTY,102.65,2659269
2025-10-06,EQTY,103.43,561270
2025-10-07,EQTY,102.50,639551
2025-10-08,EQTY,101.35,258958
2025-10-09,EQTY,100.10,1852981
2025-10-10,EQTY,101.10,186702
2025-10-13,EQTY,100.83,2080845
2025-10-14,EQTY,102.38,160833
2025-10-15,EQTY,102.47,2537668
2025-10-16,EQTY,101.60,1008359
2025-10-17,EQTY,103.57,1692734
2025-10-20,EQTY,104.39,2195344
2025-10-21,EQTY,102.80,2455995
2025-10-22,EQTY,102.53,1952589
2025-10-23,EQTY,102.98,1596046
2025-10-24,EQTY,101.79,1727036
2025-10-27,EQTY,100.21,1382509
2025-10-28,EQTY,101.64,2206991
2025-10-29,EQTY,103.51,504890
2025-10-30,EQTY,105.12,107326
2025-10-31,EQTY,107.29,2572992
2025-11-03,EQTY,106.27,574296
2025-11-04,EQTY,107.92,1770954
2025-11-05,EQTY,107.82,256314
2025-11-06,EQTY,108.84,1809236
2025-11-07,EQTY,107.46,1891687
2025-11-10,EQTY,106.36,887534
2025-11-11,EQTY,106.50,602249
2025-11-12,EQTY,106.52,2027539
2025-11-13,EQTY,108.41,1263332
2025-11-14,EQTY,107.04,123007
2025-11-17,EQTY,106.97,1937485
2025-11-18,EQTY,105.60,2185973
2025-11-19,EQTY,105.88,2527801
2025-11-20,EQTY,104.92,1767311
2025-11-21,EQTY,104.62,45142
2025-11-24,EQTY,103.17,2779308
2025-11-25,EQTY,102.26,2699825
2025-11-26,EQTY,103.77,1112920
2025-11-27,EQTY,102.41,2738142
2025-11-28,EQTY,103.73,1951062
2025-12-01,EQTY,106.02,2616898
2025-12-02,EQTY,107.36,2831365
2025-12-03,EQTY,108.00,997584
2025-12-04,EQTY,106.53,1008673
2025-12-05,EQTY,107.19,204841
2025-12-08,EQTY,105.90,212542
2025-12-09,EQTY,108.16,75733
2025-12-10,EQTY,108.05,2933251
2025-12-11,EQTY,106.40,749479
2025-12-12,EQTY,106.99,1145179
2025-12-15,EQTY,106.99,2871097
2025-12-16,EQTY,109.40,785637
2025-12-17,EQTY,109.59,2920565
2025-12-18,EQTY,110.08,2754359
2025-12-19,EQTY,110.04,716138
2025-12-22,EQTY,108.50,972198
2025-12-23,EQTY,110.10,1111448
2025-12-24,EQTY,108.29,1950819
2025-12-25,EQTY,108.99,1059453
2025-12-26,EQTY,108.72,187923
2025-12-29,EQTY,110.34,108146
2025-12-30,EQTY,110.06,2728982
2025-12-31,EQTY,108.79,270950
2026-01-01,EQTY,109.90,2098409
2026-01-02,EQTY,111.85,524042
2026-01-05,EQTY,113.72,956078
2026-01-06,EQTY,114.07,976909
2026-01-07,EQTY,113.13,2516354
2026-01-08,EQTY,113.60,523779
2026-01-09,EQTY,114.71,564960
2026-01-12,EQTY,116.32,2103322
2026-01-13,EQTY,116.09,130561
2026-01-14,EQTY,116.83,941659
2026-01-15,EQTY,114.97,2778630
2026-01-16,EQTY,113.23,2807156
2026-01-19,EQTY,114.42,2868761
2026-01-20,EQTY,113.55,2255334
2026-01-21,EQTY,112.00,1253510
2026-01-22,EQTY,114.37,1877584
2026-01-23,EQTY,115.44,1006816
2026-01-26,EQTY,114.62,2211200
2026-01-27,EQTY,116.20,198583
2026-01-28,EQTY,117.80,2767321
2026-01-29,EQTY,118.82,2763875
2026-01-30,EQTY,120.12,1238759
2026-02-02,EQTY,118.57,1210378
2026-02-03,EQTY,116.66,397669
2026-02-04,EQTY,119.08,2659038
2026-02-05,EQTY,118.31,2078207
2026-02-06,EQTY,120.51,2723177
2026-02-09,EQTY,121.72,1829175
2026-02-10,EQTY,122.91,1410150
2026-02-11,EQTY,120.93,2021308
2026-02-12,EQTY,121.45,2042807
2026-02-13,EQTY,120.17,453336
2026-02-16,EQTY,121.99,463263
2026-02-17,EQTY,120.19,1107728
2026-02-18,EQTY,120.96,1590206
2026-02-19,EQTY,122.97,1409168
2026-02-20,EQTY,122.85,2282236
2026-02-23,EQTY,125.00,85471
2026-02-24,EQTY,124.60,1644653
2026-02-25,EQTY,125.33,373278
2026-02-26,EQTY,127.78,953714
2026-02-27,EQTY,125.94,2379331
2026-03-02,EQTY,126.40,1887685
2026-03-03,EQTY,127.03,2473140
2026-03-04,EQTY,125.34,725104
2026-03-05,EQTY,126.20,1389963
2026-03-06,EQTY,124.32,2317689
2026-03-09,EQTY,122.48,1137764
2026-03-10,EQTY,125.19,307844
2026-03-11,EQTY,124.07,726379
2026-03-12,EQTY,122.80,2253271
2026-03-13,EQTY,123.34,2555981
2026-03-16,EQTY,122.18,803590
2026-03-17,EQTY,123.09,2400744
2026-03-18,EQTY,125.18,947159
2026-03-19,EQTY,127.06,255537
2026-03-20,EQTY,128.25,649749
2026-03-23,EQTY,130.62,1814213
2026-03-24,EQTY,130.87,429677
2026-03-25,EQTY,133.05,661685
2026-03-26,EQTY,131.09,1142857
2026-03-27,EQTY,133.75,622176
2026-03-30,EQTY,134.20,268488
2026-03-31,EQTY,133.18,1613994
2026-04-01,EQTY,135.14,1306510
2026-04-02,EQTY,133.19,288169
2026-04-03,EQTY,136.15,2276639
2026-04-06,EQTY,138.26,200544
2026-04-07,EQTY,136.67,837470
2026-04-08,EQTY,136.95,2959345
2026-04-09,EQTY,136.98,2877606
2026-04-10,EQTY,137.25,1188111
2026-04-13,EQTY,137.03,651266
2026-04-14,EQTY,138.89,268738
2026-04-15,EQTY,138.57,1505968
2026-04-16,EQTY,137.91,955718
2026-04-17,EQTY,140.07,2302219
2026-04-20,EQTY,140.43,2617736
2026-04-21,EQTY,139.20,91987
2026-04-22,EQTY,141.77,2045873
2026-04-23,EQTY,142.53,654840
2026-04-24,EQTY,144.07,1011373
2025-06-02,KCB,79.25,2387199
2025-06-03,KCB,80.43,1264295
2025-06-04,KCB,80.71,2751112
2025-06-05,KCB,80.46,2457156
2025-06-06,KCB,81.93,2327354
2025-06-09,KCB,83.12,958579
2025-06-10,KCB,83.62,695362
2025-06-11,KCB,82.56,1743048
2025-06-12,KCB,83.49,2725104
2025-06-13,KCB,83.78,1776840
2025-06-16,KCB,83.39,2370948
2025-06-17,KCB,83.73,2593331
2025-06-18,KCB,85.47,1430592
2025-06-19,KCB,85.68,2329259
2025-06-20,KCB,85.09,961102
2025-06-23,KCB,84.24,2691553
2025-06-24,KCB,83.33,2611418
2025-06-25,KCB,82.61,207028
2025-06-26,KCB,83.55,2364957
2025-06-27,KCB,84.60,1442194
2025-06-30,KCB,85.66,276318
2025-07-01,KCB,86.62,2429775
2025-07-02,KCB,87.87,2028379
2025-07-03,KCB,87.68,635810
2025-07-04,KCB,87.48,2022178
2025-07-07,KCB,87.35,2313982
2025-07-08,KCB,87.21,1801683
2025-07-09,KCB,86.24,1444556
2025-07-10,KCB,85.48,627966
2025-07-11,KCB,85.99,60487
2025-07-14,KCB,85.63,1991862
2025-07-15,KCB,84.93,207109
2025-07-16,KCB,85.23,2914109
2025-07-17,KCB,85.75,769392
2025-07-18,KCB,84.44,2973683
2025-07-21,KCB,84.44,1491232
2025-07-22,KCB,82.97,1011804
2025-07-23,KCB,82.42,2150931
2025-07-24,KCB,82.18,276409
2025-07-25,KCB,80.77,2534717
2025-07-28,KCB,80.83,2727160
2025-07-29,KCB,82.54,469923
2025-07-30,KCB,82.76,1394669
2025-07-31,KCB,82.12,1303143
2025-08-01,KCB,81.91,2940627
2025-08-04,KCB,81.26,2990125
2025-08-05,KCB,81.12,76231
2025-08-06,KCB,82.63,2122441
2025-08-07,KCB,81.34,483913
2025-08-08,KCB,82.22,1008715
2025-08-11,KCB,82.30,798202
2025-08-12,KCB,81.72,1306316
2025-08-13,KCB,83.29,1659003
2025-08-14,KCB,82.73,2462030
2025-08-15,KCB,82.45,2716709
2025-08-18,KCB,81.86,2911006
2025-08-19,KCB,81.70,2697885
2025-08-20,KCB,80.56,422200
2025-08-21,KCB,80.10,260164
2025-08-22,KCB,80.20,784860
2025-08-25,KCB,81.60,2800559
2025-08-26,KCB,80.72,864473
2025-08-27,KCB,82.08,1773254
2025-08-28,KCB,81.87,901271
2025-08-29,KCB,81.23,1843801
2025-09-01,KCB,82.21,1902231
2025-09-02,KCB,82.83,616501
2025-09-03,KCB,83.85,2052180
2025-09-04,KCB,83.74,716771
2025-09-05,KCB,85.14,351708
2025-09-08,KCB,86.30,1063224
2025-09-09,KCB,85.83,1359070
2025-09-10,KCB,85.73,2248224
2025-09-11,KCB,85.89,1249961
2025-09-12,KCB,86.55,681027
2025-09-15,KCB,86.62,2583355
2025-09-16,KCB,85.94,1381202
2025-09-17,KCB,87.72,851673
2025-09-18,KCB,88.87,636388
2025-09-19,KCB,89.84,281961
2025-09-22,KCB,91.24,2440679
2025-09-23,KCB,91.24,2535557
2025-09-24,KCB,90.59,1463048
2025-09-25,KCB,90.75,2372069
2025-09-26,KCB,90.01,2300325
2025-09-29,KCB,89.30,2381117
2025-09-30,KCB,88.40,1933416
2025-10-01,KCB,88.18,2769462
2025-10-02,KCB,87.21,2533812
2025-10-03,KCB,85.73,1644917
2025-10-06,KCB,86.29,306957
2025-10-07,KCB,86.98,923324
2025-10-08,KCB,85.95,2667756
2025-10-09,KCB,85.45,773071
2025-10-10,KCB,85.25,1502209
2025-10-13,KCB,84.43,2496870
2025-10-14,KCB,83.73,1122140
2025-10-15,KCB,83.92,578444
2025-10-16,KCB,83.01,1450248
2025-10-17,KCB,81.76,2420541
2025-10-20,KCB,80.42,2541630
2025-10-21,KCB,80.79,2553037
2025-10-22,KCB,82.23,902691
2025-10-23,KCB,81.58,1477875
2025-10-24,KCB,81.57,2036133
2025-10-27,KCB,80.43,681127
2025-10-28,KCB,79.12,1504734
2025-10-29,KCB,80.73,1801065
2025-10-30,KCB,82.01,1329168
2025-10-31,KCB,82.20,2869164
2025-11-03,KCB,80.73,921610
2025-11-04,KCB,81.31,1515438
2025-11-05,KCB,82.31,995585
2025-11-06,KCB,83.55,1287394
2025-11-07,KCB,82.47,735593
2025-11-10,KCB,83.64,716047
2025-11-11,KCB,84.27,1816176
2025-11-12,KCB,85.66,1915896
2025-11-13,KCB,86.35,105055
2025-11-14,KCB,84.86,2494415
2025-11-17,KCB,83.65,864603
2025-11-18,KCB,83.90,1732535
2025-11-19,KCB,84.77,1230780
2025-11-20,KCB,84.26,2700592
2025-11-21,KCB,84.46,777958
2025-11-24,KCB,84.63,1895633
2025-11-25,KCB,86.10,2540908
2025-11-26,KCB,87.84,803554
2025-11-27,KCB,88.43,1469571
2025-11-28,KCB,87.32,2866811
2025-12-01,KCB,88.86,1507930
2025-12-02,KCB,89.80,2194279
2025-12-03,KCB,90.35,1104431
2025-12-04,KCB,91.71,382284
2025-12-05,KCB,92.57,2569800
2025-12-08,KCB,91.54,1362692
2025-12-09,KCB,92.30,703311
2025-12-10,KCB,92.67,803840
2025-12-11,KCB,93.03,906394
2025-12-12,KCB,93.92,2131957
2025-12-15,KCB,94.40,2905572
2025-12-16,KCB,93.87,713544
2025-12-17,KCB,95.84,1607282
2025-12-18,KCB,95.59,2592505
2025-12-19,KCB,96.56,2200971
2025-12-22,KCB,94.98,2004244
2025-12-23,KCB,96.57,1612000
2025-12-24,KCB,95.41,2472451
2025-12-25,KCB,94.31,1376607
2025-12-26,KCB,93.03,2395317
2025-12-29,KCB,94.29,564395
2025-12-30,KCB,95.40,983645
2025-12-31,KCB,95.65,1760231
2026-01-01,KCB,96.92,2247695
2026-01-02,KCB,97.25,1004639
2026-01-05,KCB,98.61,1224441
2026-01-06,KCB,98.09,2238319
2026-01-07,KCB,96.49,2236352
2026-01-08,KCB,94.90,722247
2026-01-09,KCB,94.70,1480452
2026-01-12,KCB,93.83,928934
2026-01-13,KCB,93.88,2023966
2026-01-14,KCB,95.91,1078627
2026-01-15,KCB,95.93,1974243
2026-01-16,KCB,96.23,1025037
2026-01-19,KCB,97.64,1454554
2026-01-20,KCB,98.52,1424651
2026-01-21,KCB,97.57,1580570
2026-01-22,KCB,99.02,1322394
2026-01-23,KCB,100.38,271792
2026-01-26,KCB,99.75,2220072
2026-01-27,KCB,101.05,1047816
2026-01-28,KCB,103.15,2046666
2026-01-29,KCB,102.43,574321
2026-01-30,KCB,100.62,1910921
2026-02-02,KCB,100.02,253144
2026-02-03,KCB,99.52,2251273
2026-02-04,KCB,101.48,1645765
2026-02-05,KCB,101.19,2399949
2026-02-06,KCB,99.59,2024612
2026-02-09,KCB,99.56,143818
2026-02-10,KCB,97.77,337588
2026-02-11,KCB,97.49,969297
2026-02-12,KCB,98.47,491921
2026-02-13,KCB,99.61,1152202
2026-02-16,KCB,98.39,398343
2026-02-17,KCB,96.97,2446416
2026-02-18,KCB,96.15,2292083
2026-02-19,KCB,97.51,1001891
2026-02-20,KCB,99.55,1807767
2026-02-23,KCB,98.04,2470405
2026-02-24,KCB,96.60,482821
2026-02-25,KCB,96.01,2567349
2026-02-26,KCB,96.99,1630393
2026-02-27,KCB,95.54,1736665
2026-03-02,KCB,96.16,1237055
2026-03-03,KCB,94.63,1240303
2026-03-04,KCB,95.15,1583750
2026-03-05,KCB,94.98,536057
2026-03-06,KCB,94.91,2208749
2026-03-09,KCB,96.84,244324
2026-03-10,KCB,98.43,2566947
2026-03-11,KCB,98.24,1083057
2026-03-12,KCB,97.53,603848
2026-03-13,KCB,96.33,160130
2026-03-16,KCB,98.28,2776616
2026-03-17,KCB,99.51,368595
2026-03-18,KCB,100.92,1978173
2026-03-19,KCB,99.10,859020
2026-03-20,KCB,98.73,2009289
2026-03-23,KCB,98.14,427493
2026-03-24,KCB,98.88,2008443
2026-03-25,KCB,100.39,811676
2026-03-26,KCB,101.76,2697631
2026-03-27,KCB,102.83,2990713
2026-03-30,KCB,103.24,2569218
2026-03-31,KCB,102.89,251927
2026-04-01,KCB,101.61,2679111
2026-04-02,KCB,102.74,523664
2026-04-03,KCB,104.16,161897
2026-04-06,KCB,106.24,771789
2026-04-07,KCB,107.23,1711347
2026-04-08,KCB,109.15,2538630
2026-04-09,KCB,110.95,1116320
2026-04-10,KCB,109.03,2360935
2026-04-13,KCB,110.47,2974921
2026-04-14,KCB,112.64,889942
2026-04-15,KCB,113.78,2959395
2026-04-16,KCB,111.87,1379936
2026-04-17,KCB,113.43,135799
2026-04-20,KCB,114.49,2404198
2026-04-21,KCB,116.13,1905385
2026-04-22,KCB,115.57,1385193
2026-04-23,KCB,114.19,525346
2026-04-24,KCB,113.10,2979665
2025-06-02,COOP,33.49,2698106
2025-06-03,COOP,33.22,1757997
2025-06-04,COOP,33.50,271625
2025-06-05,COOP,33.62,1145385
2025-06-06,COOP,33.74,155046
2025-06-09,COOP,33.49,1784953
2025-06-10,COOP,33.15,1909094
2025-06-11,COOP,33.52,2027747
2025-06-12,COOP,33.02,788218
2025-06-13,COOP,33.31,405281
2025-06-16,COOP,33.17,1693782
2025-06-17,COOP,33.23,437733
2025-06-18,COOP,32.78,676318
2025-06-19,COOP,32.95,1062585
2025-06-20,COOP,33.22,272313
2025-06-23,COOP,32.78,2662845
2025-06-24,COOP,32.53,186550
2025-06-25,COOP,32.23,2741753
2025-06-26,COOP,32.01,2541114
2025-06-27,COOP,31.76,2185321
2025-06-30,COOP,31.65,371977
2025-07-01,COOP,31.50,1306537
2025-07-02,COOP,31.79,1158303
2025-07-03,COOP,32.23,2569584
2025-07-04,COOP,32.74,2422287
2025-07-07,COOP,32.41,408269
2025-07-08,COOP,32.05,390001
2025-07-09,COOP,31.98,1622583
2025-07-10,COOP,32.69,251685
2025-07-11,COOP,32.38,2984782
2025-07-14,COOP,32.36,1516529
2025-07-15,COOP,32.29,2240556
2025-07-16,COOP,31.85,1206466
2025-07-17,COOP,32.22,1887116
2025-07-18,COOP,32.10,1271286
2025-07-21,COOP,32.56,2407915
2025-07-22,COOP,32.43,720711
2025-07-23,COOP,33.00,540627
2025-07-24,COOP,33.47,1921964
2025-07-25,COOP,32.96,1690591
2025-07-28,COOP,32.52,874414
2025-07-29,COOP,33.23,695316
2025-07-30,COOP,33.69,1124374
2025-07-31,COOP,33.97,1181779
2025-08-01,COOP,34.18,2715650
2025-08-04,COOP,34.05,2691288
2025-08-05,COOP,34.66,1112226
2025-08-06,COOP,34.95,1809603
2025-08-07,COOP,35.11,785677
2025-08-08,COOP,34.73,618466
2025-08-11,COOP,34.33,2210316
2025-08-12,COOP,34.23,1386237
2025-08-13,COOP,33.71,864858
2025-08-14,COOP,34.00,2543802
2025-08-15,COOP,34.12,337250
2025-08-18,COOP,33.69,281913
2025-08-19,COOP,34.00,2611867
2025-08-20,COOP,34.16,2650166
2025-08-21,COOP,34.87,1416156
2025-08-22,COOP,34.83,1781827
2025-08-25,COOP,35.17,1726105
2025-08-26,COOP,35.71,1861647
2025-08-27,COOP,35.12,1816650
2025-08-28,COOP,35.87,383079
2025-08-29,COOP,35.46,1271903
2025-09-01,COOP,34.99,133117
2025-09-02,COOP,35.13,959987
2025-09-03,COOP,35.55,571294
2025-09-04,COOP,35.86,1029266
2025-09-05,COOP,36.41,1222731
2025-09-08,COOP,36.51,1931845
2025-09-09,COOP,36.42,865538
2025-09-10,COOP,37.20,2673453
2025-09-11,COOP,37.77,2476164
2025-09-12,COOP,37.29,2201283
2025-09-15,COOP,36.67,2395572
2025-09-16,COOP,37.07,1503425
2025-09-17,COOP,37.02,2263281
2025-09-18,COOP,37.00,1101648
2025-09-19,COOP,37.02,2397278
2025-09-22,COOP,37.72,1426689
2025-09-23,COOP,37.16,219731
2025-09-24,COOP,37.42,2597022
2025-09-25,COOP,38.04,1646814
2025-09-26,COOP,38.65,1565112
2025-09-29,COOP,38.24,2286849
2025-09-30,COOP,38.89,1573082
2025-10-01,COOP,39.21,1788337
2025-10-02,COOP,39.31,537009
2025-10-03,COOP,40.16,677073
2025-10-06,COOP,40.68,2789517
2025-10-07,COOP,41.30,1797199
2025-10-08,COOP,41.79,2369275
2025-10-09,COOP,42.48,1789134
2025-10-10,COOP,42.91,2965262
2025-10-13,COOP,42.98,845612
2025-10-14,COOP,42.88,2960425
2025-10-15,COOP,43.15,2601436
2025-10-16,COOP,44.09,2761113
2025-10-17,COOP,44.30,1693201
2025-10-20,COOP,43.61,1577076
2025-10-21,COOP,43.04,366923
2025-10-22,COOP,43.65,1666782
2025-10-23,COOP,44.18,2011272
2025-10-24,COOP,44.37,2218511
2025-10-27,COOP,44.73,1389058
2025-10-28,COOP,44.84,730336
2025-10-29,COOP,45.49,903632
2025-10-30,COOP,46.08,236736
2025-10-31,COOP,45.68,1580038
2025-11-03,COOP,45.65,2135095
2025-11-04,COOP,45.82,1046782
2025-11-05,COOP,45.13,162513
2025-11-06,COOP,45.98,236723
2025-11-07,COOP,45.28,1875800
2025-11-10,COOP,45.34,1130828
2025-11-11,COOP,44.84,1924953
2025-11-12,COOP,45.48,2971109
2025-11-13,COOP,44.88,1223396
2025-11-14,COOP,45.35,2871176
2025-11-17,COOP,45.45,910193
2025-11-18,COOP,46.17,245743
2025-11-19,COOP,45.98,2346197
2025-11-20,COOP,45.24,1314671
2025-11-21,COOP,44.71,2924186
2025-11-24,COOP,44.54,978165
2025-11-25,COOP,43.92,1200607
2025-11-26,COOP,44.03,2826667
2025-11-27,COOP,44.75,2217650
2025-11-28,COOP,45.36,2849203
2025-12-01,COOP,45.57,2451039
2025-12-02,COOP,45.70,608213
2025-12-03,COOP,45.25,2793113
2025-12-04,COOP,45.55,2314669
2025-12-05,COOP,46.44,1329927
2025-12-08,COOP,47.01,227612
2025-12-09,COOP,47.81,543857
2025-12-10,COOP,47.55,513427
2025-12-11,COOP,47.81,1215670
2025-12-12,COOP,48.61,2846893
2025-12-15,COOP,49.18,681968
2025-12-16,COOP,49.22,712817
2025-12-17,COOP,49.36,2255054
2025-12-18,COOP,49.17,801910
2025-12-19,COOP,48.68,860445
2025-12-22,COOP,48.75,885962
2025-12-23,COOP,48.52,2109920
2025-12-24,COOP,47.88,1780057
2025-12-25,COOP,48.73,997082
2025-12-26,COOP,49.34,335553
2025-12-29,COOP,48.98,1366612
2025-12-30,COOP,49.37,411127
2025-12-31,COOP,48.65,2381954
2026-01-01,COOP,49.09,504207
2026-01-02,COOP,48.53,2086600
2026-01-05,COOP,49.30,1616046
2026-01-06,COOP,49.53,1942716
2026-01-07,COOP,49.42,1800170
2026-01-08,COOP,49.02,797768
2026-01-09,COOP,48.99,851153
2026-01-12,COOP,49.65,586673
2026-01-13,COOP,50.53,148112
2026-01-14,COOP,51.25,2232973
2026-01-15,COOP,50.82,1654693
2026-01-16,COOP,50.01,1271772
2026-01-19,COOP,49.62,816647
2026-01-20,COOP,49.09,946748
2026-01-21,COOP,49.73,619795
2026-01-22,COOP,48.90,299692
2026-01-23,COOP,49.39,1416772
2026-01-26,COOP,49.16,258976
2026-01-27,COOP,49.05,2993984
2026-01-28,COOP,49.67,2937020
2026-01-29,COOP,50.29,1258380
2026-01-30,COOP,50.07,2917860
2026-02-02,COOP,49.84,2170817
2026-02-03,COOP,50.13,2488184
2026-02-04,COOP,50.69,2283473
2026-02-05,COOP,51.73,941074
2026-02-06,COOP,52.44,1269021
2026-02-09,COOP,51.94,1237596
2026-02-10,COOP,51.30,670364
2026-02-11,COOP,51.94,2121381
2026-02-12,COOP,53.06,2805860
2026-02-13,COOP,53.75,2952688
2026-02-16,COOP,53.80,462426
2026-02-17,COOP,54.08,694299
2026-02-18,COOP,55.00,520864
2026-02-19,COOP,54.58,2623935
2026-02-20,COOP,54.15,1369399
2026-02-23,COOP,53.37,1795732
2026-02-24,COOP,53.65,842486
2026-02-25,COOP,54.83,2371864
2026-02-26,COOP,55.81,1798440
2026-02-27,COOP,55.31,2823750
2026-03-02,COOP,56.07,2307240
2026-03-03,COOP,57.00,1471571
2026-03-04,COOP,57.67,620159
2026-03-05,COOP,58.61,232694
2026-03-06,COOP,59.22,2695961
2026-03-09,COOP,58.99,757269
2026-03-10,COOP,58.03,1657420
2026-03-11,COOP,58.36,2506793
2026-03-12,COOP,58.37,1421530
2026-03-13,COOP,58.96,2442425
2026-03-16,COOP,58.56,2056696
2026-03-17,COOP,59.11,656895
2026-03-18,COOP,60.33,481912
2026-03-19,COOP,60.12,2203696
2026-03-20,COOP,60.49,994471
2026-03-23,COOP,60.42,1482166
2026-03-24,COOP,61.47,395982
2026-03-25,COOP,62.78,2387226
2026-03-26,COOP,62.31,1997384
2026-03-27,COOP,61.30,2557715
2026-03-30,COOP,61.51,1998556
2026-03-31,COOP,62.73,1571096
2026-04-01,COOP,62.16,751284
2026-04-02,COOP,63.30,628734
2026-04-03,COOP,62.72,2132862
2026-04-06,COOP,62.45,2013534
2026-04-07,COOP,61.97,2689132
2026-04-08,COOP,62.38,650286
2026-04-09,COOP,61.96,190930
2026-04-10,COOP,61.79,122099
2026-04-13,COOP,62.61,469456
2026-04-14,COOP,63.61,2736516
2026-04-15,COOP,63.55,722738
2026-04-16,COOP,63.85,1007555
2026-04-17,COOP,64.57,959761
2026-04-20,COOP,65.50,1008396
2026-04-21,COOP,66.26,628987
2026-04-22,COOP,66.19,2781603
2026-04-23,COOP,67.33,2048185
2026-04-24,COOP,66.76,2847489
2025-06-02,ABSA,31.46,2833556
2025-06-03,ABSA,31.62,795623
2025-06-04,ABSA,31.91,950375
2025-06-05,ABSA,31.52,2672668
2025-06-06,ABSA,31.42,1696006
2025-06-09,ABSA,32.00,1152374
2025-06-10,ABSA,32.35,1230541
2025-06-11,ABSA,32.68,1290943
2025-06-12,ABSA,32.58,2979309
2025-06-13,ABSA,33.05,464165
2025-06-16,ABSA,32.99,1183242
2025-06-17,ABSA,32.45,1720044
2025-06-18,ABSA,32.81,2039404
2025-06-19,ABSA,33.40,2827322
2025-06-20,ABSA,32.83,2959933
2025-06-23,ABSA,33.03,171069
2025-06-24,ABSA,33.69,2351334
2025-06-25,ABSA,33.27,2253241
2025-06-26,ABSA,33.51,1167519
2025-06-27,ABSA,33.54,759902
2025-06-30,ABSA,33.85,2788081
2025-07-01,ABSA,34.30,2297695
2025-07-02,ABSA,35.06,2943370
2025-07-03,ABSA,35.56,1510347
2025-07-04,ABSA,36.16,1710157
2025-07-07,ABSA,36.44,2098338
2025-07-08,ABSA,36.44,1662410
2025-07-09,ABSA,36.61,2860317
2025-07-10,ABSA,36.76,460782
2025-07-11,ABSA,36.98,1924254
2025-07-14,ABSA,37.29,2106503
2025-07-15,ABSA,37.92,802881
2025-07-16,ABSA,37.41,1646800
2025-07-17,ABSA,37.01,447012
2025-07-18,ABSA,37.83,463023
2025-07-21,ABSA,38.10,623056
2025-07-22,ABSA,38.34,833842
2025-07-23,ABSA,39.11,1197150
2025-07-24,ABSA,38.96,2900079
2025-07-25,ABSA,38.34,1155870
2025-07-28,ABSA,37.77,1960012
2025-07-29,ABSA,38.55,1542031
2025-07-30,ABSA,38.82,290636
2025-07-31,ABSA,38.47,1583358
2025-08-01,ABSA,39.09,1355578
2025-08-04,ABSA,38.59,2337490
2025-08-05,ABSA,39.33,1125067
2025-08-06,ABSA,39.24,2609963
2025-08-07,ABSA,39.02,1561219
2025-08-08,ABSA,39.56,2780419
2025-08-11,ABSA,39.80,2307345
2025-08-12,ABSA,39.35,2209584
2025-08-13,ABSA,38.69,942231
2025-08-14,ABSA,38.22,1861857
2025-08-15,ABSA,38.82,2004356
2025-08-18,ABSA,38.59,693316
2025-08-19,ABSA,39.25,649530
2025-08-20,ABSA,39.20,2325720
2025-08-21,ABSA,39.21,488014
2025-08-22,ABSA,38.76,957918
2025-08-25,ABSA,39.58,365721
2025-08-26,ABSA,40.43,2738960
2025-08-27,ABSA,39.95,2493409
2025-08-28,ABSA,40.25,865209
2025-08-29,ABSA,40.18,2173676
2025-09-01,ABSA,40.59,307261
2025-09-02,ABSA,40.14,1953635
2025-09-03,ABSA,39.64,488772
2025-09-04,ABSA,40.08,1281001
2025-09-05,ABSA,40.93,1323357
2025-09-08,ABSA,41.27,2005284
2025-09-09,ABSA,41.96,439753
2025-09-10,ABSA,41.31,885096
2025-09-11,ABSA,41.01,743603
2025-09-12,ABSA,41.53,2522605
2025-09-15,ABSA,41.91,817543
2025-09-16,ABSA,42.81,2689626
2025-09-17,ABSA,43.07,1519042
2025-09-18,ABSA,43.06,652584
2025-09-19,ABSA,42.79,224195
2025-09-22,ABSA,42.46,1067342
2025-09-23,ABSA,42.40,2007002
2025-09-24,ABSA,41.97,985445
2025-09-25,ABSA,42.15,988000
2025-09-26,ABSA,43.09,265083
2025-09-29,ABSA,42.85,2323272
2025-09-30,ABSA,43.51,2453765
2025-10-01,ABSA,44.34,604848
2025-10-02,ABSA,45.34,1682483
2025-10-03,ABSA,44.83,224330
2025-10-06,ABSA,44.65,173612
2025-10-07,ABSA,44.88,552864
2025-10-08,ABSA,45.12,1750538
2025-10-09,ABSA,45.47,1231411
2025-10-10,ABSA,45.96,502104
2025-10-13,ABSA,46.42,542790
2025-10-14,ABSA,46.26,189043
2025-10-15,ABSA,47.16,1610193
2025-10-16,ABSA,47.32,938087
2025-10-17,ABSA,47.03,1229186
2025-10-20,ABSA,46.22,2418371
2025-10-21,ABSA,46.62,1030811
2025-10-22,ABSA,47.04,1107535
2025-10-23,ABSA,47.28,620167
2025-10-24,ABSA,47.54,2554761
2025-10-27,ABSA,48.14,1720387
2025-10-28,ABSA,48.60,719267
2025-10-29,ABSA,48.79,1551092
2025-10-30,ABSA,49.20,696175
2025-10-31,ABSA,48.69,1012354
2025-11-03,ABSA,48.08,163746
2025-11-04,ABSA,48.44,2942624
2025-11-05,ABSA,48.40,374910
2025-11-06,ABSA,48.36,482476
2025-11-07,ABSA,49.21,1968577
2025-11-10,ABSA,49.14,1151996
2025-11-11,ABSA,48.90,1221441
2025-11-12,ABSA,49.86,497113
2025-11-13,ABSA,50.28,1804863
2025-11-14,ABSA,50.76,2740605
2025-11-17,ABSA,50.84,1867293
2025-11-18,ABSA,51.78,2722175
2025-11-19,ABSA,51.20,2008198
2025-11-20,ABSA,51.78,2070173
2025-11-21,ABSA,51.71,1835947
2025-11-24,ABSA,52.03,2714363
2025-11-25,ABSA,51.43,2418766
2025-11-26,ABSA,50.63,2725002
2025-11-27,ABSA,49.97,2963942
2025-11-28,ABSA,49.64,596292
2025-12-01,ABSA,50.63,1227277
2025-12-02,ABSA,51.49,268062
2025-12-03,ABSA,50.93,1420223
2025-12-04,ABSA,51.80,1372773
2025-12-05,ABSA,51.98,1324114
2025-12-08,ABSA,52.77,127661
2025-12-09,ABSA,52.56,1047194
2025-12-10,ABSA,52.90,2149105
2025-12-11,ABSA,53.49,2366899
2025-12-12,ABSA,52.74,1759718
2025-12-15,ABSA,53.27,710800
2025-12-16,ABSA,52.64,2618491
2025-12-17,ABSA,52.82,1884075
2025-12-18,ABSA,53.66,1939732
2025-12-19,ABSA,54.54,2428502
2025-12-22,ABSA,54.47,253033
2025-12-23,ABSA,55.27,1682940
2025-12-24,ABSA,55.70,188066
2025-12-25,ABSA,56.01,368372
2025-12-26,ABSA,56.22,459733
2025-12-29,ABSA,56.34,2737584
2025-12-30,ABSA,57.03,643119
2025-12-31,ABSA,57.99,1442107
2026-01-01,ABSA,58.55,2550094
2026-01-02,ABSA,59.24,1652006
2026-01-05,ABSA,58.55,1963584
2026-01-06,ABSA,58.15,1942843
2026-01-07,ABSA,58.29,1614036
2026-01-08,ABSA,57.41,1681942
2026-01-09,ABSA,56.73,1424241
2026-01-12,ABSA,56.85,2745389
2026-01-13,ABSA,57.76,1775983
2026-01-14,ABSA,58.42,1412591
2026-01-15,ABSA,57.73,1738119
2026-01-16,ABSA,57.91,64410
2026-01-19,ABSA,58.36,2416619
2026-01-20,ABSA,57.73,2256903
2026-01-21,ABSA,58.16,577852
2026-01-22,ABSA,57.69,304215
2026-01-23,ABSA,57.11,1207017
2026-01-26,ABSA,58.11,2721608
2026-01-27,ABSA,58.03,1807034
2026-01-28,ABSA,57.08,2719759
2026-01-29,ABSA,56.24,2998144
2026-01-30,ABSA,55.74,1421419
2026-02-02,ABSA,56.81,177167
2026-02-03,ABSA,56.68,1344706
2026-02-04,ABSA,57.31,2148251
2026-02-05,ABSA,57.88,2080486
2026-02-06,ABSA,57.26,2383740
2026-02-09,ABSA,56.29,1321815
2026-02-10,ABSA,56.07,913572
2026-02-11,ABSA,55.16,2076161
2026-02-12,ABSA,56.01,1250045
2026-02-13,ABSA,55.62,485671
2026-02-16,ABSA,55.90,1658703
2026-02-17,ABSA,57.09,47932
2026-02-18,ABSA,57.41,1021256
2026-02-19,ABSA,57.97,1597437
2026-02-20,ABSA,58.52,128362
2026-02-23,ABSA,58.09,756033
2026-02-24,ABSA,57.27,1153205
2026-02-25,ABSA,57.96,862627
2026-02-26,ABSA,58.21,1536412
2026-02-27,ABSA,58.22,2321028
2026-03-02,ABSA,58.18,2336042
2026-03-03,ABSA,57.23,514364
2026-03-04,ABSA,57.12,313239
2026-03-05,ABSA,56.65,2941741
2026-03-06,ABSA,57.06,1998233
2026-03-09,ABSA,56.68,2158767
2026-03-10,ABSA,56.19,948908
2026-03-11,ABSA,56.81,845119
2026-03-12,ABSA,57.80,347846
2026-03-13,ABSA,57.84,628038
2026-03-16,ABSA,58.89,1075571
2026-03-17,ABSA,59.36,871530
2026-03-18,ABSA,60.43,1407570
2026-03-19,ABSA,61.67,519099
2026-03-20,ABSA,62.32,643619
2026-03-23,ABSA,61.26,2694961
2026-03-24,ABSA,61.85,2916991
2026-03-25,ABSA,60.85,2653033
2026-03-26,ABSA,60.64,2567749
2026-03-27,ABSA,60.53,1891801
2026-03-30,ABSA,61.68,1411529
2026-03-31,ABSA,61.45,1054347
2026-04-01,ABSA,62.32,1062706
2026-04-02,ABSA,61.77,1900510
2026-04-03,ABSA,62.61,685014
2026-04-06,ABSA,62.58,75042
2026-04-07,ABSA,62.38,2119910
2026-04-08,ABSA,62.23,60201
2026-04-09,ABSA,61.60,1029083
2026-04-10,ABSA,62.82,744832
2026-04-13,ABSA,64.16,948208
2026-04-14,ABSA,63.04,322364
2026-04-15,ABSA,63.65,419324
2026-04-16,ABSA,64.42,1859406
2026-04-17,ABSA,63.50,86870
2026-04-20,ABSA,63.79,2100887
2026-04-21,ABSA,64.75,1621592
2026-04-22,ABSA,64.31,274867
2026-04-23,ABSA,65.56,851367
2026-04-24,ABSA,65.90,1229238
2025-06-02,NCBA,58.35,2749572
2025-06-03,NCBA,58.51,2241974
2025-06-04,NCBA,57.85,746163
2025-06-05,NCBA,57.84,1785887
2025-06-06,NCBA,57.50,294137
2025-06-09,NCBA,58.06,2583044
2025-06-10,NCBA,57.31,963277
2025-06-11,NCBA,58.00,378368
2025-06-12,NCBA,59.13,368019
2025-06-13,NCBA,59.23,242543
2025-06-16,NCBA,60.08,166140
2025-06-17,NCBA,59.67,2264349
2025-06-18,NCBA,60.24,324566
2025-06-19,NCBA,59.40,1127136
2025-06-20,NCBA,59.87,1213957
2025-06-23,NCBA,59.11,332532
2025-06-24,NCBA,58.33,2969950
2025-06-25,NCBA,59.49,1825941
2025-06-26,NCBA,60.71,1836280
2025-06-27,NCBA,61.86,2864877
2025-06-30,NCBA,62.36,1863789
2025-07-01,NCBA,62.41,387561
2025-07-02,NCBA,63.10,2939284
2025-07-03,NCBA,62.66,1293451
2025-07-04,NCBA,62.95,2370711
2025-07-07,NCBA,63.36,1722017
2025-07-08,NCBA,63.28,270769
2025-07-09,NCBA,64.21,44034
2025-07-10,NCBA,63.98,1949942
2025-07-11,NCBA,62.88,1742238
2025-07-14,NCBA,63.41,2474111
2025-07-15,NCBA,64.51,793399
2025-07-16,NCBA,65.06,2733954
2025-07-17,NCBA,65.74,206316
2025-07-18,NCBA,66.30,2974745
2025-07-21,NCBA,67.28,977258
2025-07-22,NCBA,68.70,669702
2025-07-23,NCBA,67.89,1500732
2025-07-24,NCBA,66.97,2158948
2025-07-25,NCBA,66.09,2214824
2025-07-28,NCBA,67.04,523756
2025-07-29,NCBA,68.19,2521702
2025-07-30,NCBA,68.43,2278583
2025-07-31,NCBA,69.50,2778239
2025-08-01,NCBA,71.01,2542305
2025-08-04,NCBA,72.01,606086
2025-08-05,NCBA,73.35,110251
2025-08-06,NCBA,72.44,118109
2025-08-07,NCBA,71.44,2635330
2025-08-08,NCBA,70.46,2564744
2025-08-11,NCBA,71.90,1704240
2025-08-12,NCBA,71.27,2190609
2025-08-13,NCBA,71.92,75510
2025-08-14,NCBA,72.03,490607
2025-08-15,NCBA,73.56,1931398
2025-08-18,NCBA,74.48,535360
2025-08-19,NCBA,75.09,2688043
2025-08-20,NCBA,74.62,1829361
2025-08-21,NCBA,76.29,2276787
2025-08-22,NCBA,77.59,719518
2025-08-25,NCBA,77.78,1199933
2025-08-26,NCBA,78.21,2388594
2025-08-27,NCBA,77.55,2640115
2025-08-28,NCBA,78.72,2474617
2025-08-29,NCBA,78.61,1276156
2025-09-01,NCBA,77.69,1486610
2025-09-02,NCBA,78.44,1204667
2025-09-03,NCBA,79.91,464205
2025-09-04,NCBA,81.34,1887509
2025-09-05,NCBA,82.85,2809399
2025-09-08,NCBA,81.97,898354
2025-09-09,NCBA,82.89,320727
2025-09-10,NCBA,82.38,50037
2025-09-11,NCBA,84.20,484985
2025-09-12,NCBA,83.14,864492
2025-09-15,NCBA,84.67,2308447
2025-09-16,NCBA,83.42,1965894
2025-09-17,NCBA,84.51,1275249
2025-09-18,NCBA,85.93,399504
2025-09-19,NCBA,85.63,493205
2025-09-22,NCBA,87.34,1829503
2025-09-23,NCBA,88.78,2640275
2025-09-24,NCBA,89.29,1890453
2025-09-25,NCBA,91.25,1842228
2025-09-26,NCBA,93.23,727994
2025-09-29,NCBA,92.08,2810553
2025-09-30,NCBA,91.57,2966487
2025-10-01,NCBA,93.57,953594
2025-10-02,NCBA,92.94,2600980
2025-10-03,NCBA,92.79,2191738
2025-10-06,NCBA,91.19,2469410
2025-10-07,NCBA,91.88,2824182
2025-10-08,NCBA,91.19,693255
2025-10-09,NCBA,91.51,152839
2025-10-10,NCBA,92.87,1328626
2025-10-13,NCBA,92.63,1741483
2025-10-14,NCBA,92.08,550922
2025-10-15,NCBA,91.71,680551
2025-10-16,NCBA,91.69,1061500
2025-10-17,NCBA,93.72,2237156
2025-10-20,NCBA,95.59,658486
2025-10-21,NCBA,97.72,932043
2025-10-22,NCBA,98.34,1028020
2025-10-23,NCBA,97.86,740243
2025-10-24,NCBA,98.10,2226324
2025-10-27,NCBA,98.10,1191793
2025-10-28,NCBA,97.82,130044
2025-10-29,NCBA,96.86,2295814
2025-10-30,NCBA,98.16,830280
2025-10-31,NCBA,97.35,923078
2025-11-03,NCBA,97.03,93919
2025-11-04,NCBA,99.21,1221212
2025-11-05,NCBA,100.25,2329145
2025-11-06,NCBA,99.84,867107
2025-11-07,NCBA,99.59,1654216
2025-11-10,NCBA,100.05,552786
2025-11-11,NCBA,101.31,2531839
2025-11-12,NCBA,103.38,1184040
2025-11-13,NCBA,101.64,1371410
2025-11-14,NCBA,103.10,2281459
2025-11-17,NCBA,104.52,2268741
2025-11-18,NCBA,105.70,197021
2025-11-19,NCBA,104.39,102254
2025-11-20,NCBA,105.54,1410928
2025-11-21,NCBA,103.83,1024358
2025-11-24,NCBA,103.74,1771316
2025-11-25,NCBA,102.83,2413147
2025-11-26,NCBA,101.45,2168329
2025-11-27,NCBA,102.50,596003
2025-11-28,NCBA,102.94,2036509
2025-12-01,NCBA,104.00,303452
2025-12-02,NCBA,106.27,1370300
2025-12-03,NCBA,104.69,2243301
2025-12-04,NCBA,103.49,2122087
2025-12-05,NCBA,105.08,499511
2025-12-08,NCBA,107.09,735263
2025-12-09,NCBA,105.62,719149
2025-12-10,NCBA,106.83,2417273
2025-12-11,NCBA,107.60,1522594
2025-12-12,NCBA,107.75,270840
2025-12-15,NCBA,107.68,335629
2025-12-16,NCBA,109.54,1248934
2025-12-17,NCBA,109.31,1962672
2025-12-18,NCBA,107.91,1948428
2025-12-19,NCBA,106.29,1198155
2025-12-22,NCBA,108.60,2369052
2025-12-23,NCBA,111.00,2266862
2025-12-24,NCBA,111.78,1803124
2025-12-25,NCBA,112.09,1971331
2025-12-26,NCBA,114.32,1769677
2025-12-29,NCBA,112.47,2178818
2025-12-30,NCBA,112.73,1379870
2025-12-31,NCBA,112.56,1837296
2026-01-01,NCBA,114.73,1771812
2026-01-02,NCBA,116.42,1594266
2026-01-05,NCBA,114.83,532266
2026-01-06,NCBA,115.93,1307559
2026-01-07,NCBA,115.40,970020
2026-01-08,NCBA,116.40,1983468
2026-01-09,NCBA,116.11,539573
2026-01-12,NCBA,114.81,1623833
2026-01-13,NCBA,116.85,2640438
2026-01-14,NCBA,116.38,2517433
2026-01-15,NCBA,118.84,1435908
2026-01-16,NCBA,117.66,1125844
2026-01-19,NCBA,119.69,2419461
2026-01-20,NCBA,118.34,1620603
2026-01-21,NCBA,119.19,2004266
2026-01-22,NCBA,121.09,2900836
2026-01-23,NCBA,120.72,288398
2026-01-26,NCBA,120.89,2949096
2026-01-27,NCBA,118.80,2404512
2026-01-28,NCBA,119.68,328134
2026-01-29,NCBA,121.26,774412
2026-01-30,NCBA,122.67,809544
2026-02-02,NCBA,121.53,971834
2026-02-03,NCBA,119.43,764778
2026-02-04,NCBA,118.14,2082191
2026-02-05,NCBA,120.00,730448
2026-02-06,NCBA,118.97,2638159
2026-02-09,NCBA,118.67,484817
2026-02-10,NCBA,119.20,1269539
2026-02-11,NCBA,117.63,2062086
2026-02-12,NCBA,116.89,2595049
2026-02-13,NCBA,117.64,1094448
2026-02-16,NCBA,117.45,1621029
2026-02-17,NCBA,118.73,221272
2026-02-18,NCBA,120.19,1264571
2026-02-19,NCBA,119.12,2587313
2026-02-20,NCBA,120.47,2555035
2026-02-23,NCBA,119.42,1846680
2026-02-24,NCBA,118.30,2196908
2026-02-25,NCBA,118.86,2893497
2026-02-26,NCBA,120.73,2303469
2026-02-27,NCBA,121.35,99297
2026-03-02,NCBA,121.68,2140025
2026-03-03,NCBA,122.53,2001481
2026-03-04,NCBA,121.05,806176
2026-03-05,NCBA,119.53,1705245
2026-03-06,NCBA,118.02,2501687
2026-03-09,NCBA,120.10,840054
2026-03-10,NCBA,118.19,2576928
2026-03-11,NCBA,119.04,1283435
2026-03-12,NCBA,117.89,707661
2026-03-13,NCBA,116.87,2229710
2026-03-16,NCBA,118.23,630216
2026-03-17,NCBA,117.08,1234192
2026-03-18,NCBA,116.85,1511568
2026-03-19,NCBA,117.72,1077543
2026-03-20,NCBA,115.93,2926019
2026-03-23,NCBA,114.01,1476513
2026-03-24,NCBA,116.26,66184
2026-03-25,NCBA,114.60,1485900
2026-03-26,NCBA,116.95,1711496
2026-03-27,NCBA,115.68,2426766
2026-03-30,NCBA,116.05,2218110
2026-03-31,NCBA,115.51,1945385
2026-04-01,NCBA,116.41,756276
2026-04-02,NCBA,114.57,2439761
2026-04-03,NCBA,113.32,118793
2026-04-06,NCBA,112.57,403690
2026-04-07,NCBA,113.05,592587
2026-04-08,NCBA,115.12,2377459
2026-04-09,NCBA,114.97,2718400
2026-04-10,NCBA,113.40,2231206
2026-04-13,NCBA,115.39,2395827
2026-04-14,NCBA,114.71,928633
2026-04-15,NCBA,114.30,119412
2026-04-16,NCBA,115.92,1205464
2026-04-17,NCBA,114.87,2325963
2026-04-20,NCBA,113.98,2191124
2026-04-21,NCBA,113.82,1374213
2026-04-22,NCBA,114.57,2679117
2026-04-23,NCBA,114.02,266482
2026-04-24,NCBA,114.35,1637378
2025-06-02,EABL,189.62,1947028
2025-06-03,EABL,186.43,1703371
2025-06-04,EABL,190.57,1872759
2025-06-05,EABL,188.97,1144309
2025-06-06,EABL,185.80,581245
2025-06-09,EABL,185.59,2784107
2025-06-10,EABL,187.52,711590
2025-06-11,EABL,187.55,704124
2025-06-12,EABL,185.39,1615384
2025-06-13,EABL,185.62,2062207
2025-06-16,EABL,188.57,628307
2025-06-17,EABL,191.09,798372
2025-06-18,EABL,190.21,2404161
2025-06-19,EABL,188.73,832616
2025-06-20,EABL,186.19,2847456
2025-06-23,EABL,184.80,256693
2025-06-24,EABL,183.80,221639
2025-06-25,EABL,185.67,865462
2025-06-26,EABL,184.55,1792700
2025-06-27,EABL,188.21,511984
2025-06-30,EABL,187.77,1001677
2025-07-01,EABL,190.24,1042277
2025-07-02,EABL,190.27,1507660
2025-07-03,EABL,190.90,2543701
2025-07-04,EABL,190.44,666302
2025-07-07,EABL,191.74,1381028
2025-07-08,EABL,194.17,2670125
2025-07-09,EABL,195.82,2153590
2025-07-10,EABL,199.60,1432270
2025-07-11,EABL,203.39,1308844
2025-07-14,EABL,202.07,767335
2025-07-15,EABL,205.49,1038583
2025-07-16,EABL,207.20,1804731
2025-07-17,EABL,205.89,1341512
2025-07-18,EABL,202.41,1847190
2025-07-21,EABL,203.33,1244755
2025-07-22,EABL,200.42,2528170
2025-07-23,EABL,202.57,199743
2025-07-24,EABL,205.90,1736081
2025-07-25,EABL,208.72,2411504
2025-07-28,EABL,205.43,2973092
2025-07-29,EABL,207.32,2461405
2025-07-30,EABL,210.33,1685692
2025-07-31,EABL,210.24,698766
2025-08-01,EABL,208.41,357573
2025-08-04,EABL,209.93,1362577
2025-08-05,EABL,213.04,2369566
2025-08-06,EABL,211.33,1876527
2025-08-07,EABL,208.85,2342998
2025-08-08,EABL,208.21,2856780
2025-08-11,EABL,209.55,1488760
2025-08-12,EABL,208.21,1474806
2025-08-13,EABL,205.98,953046
2025-08-14,EABL,203.02,2337610
2025-08-15,EABL,206.64,1214067
2025-08-18,EABL,208.92,242039
2025-08-19,EABL,207.97,82619
2025-08-20,EABL,207.48,1774572
2025-08-21,EABL,208.87,1804916
2025-08-22,EABL,212.97,79823
2025-08-25,EABL,213.63,2889641
2025-08-26,EABL,216.98,1415108
2025-08-27,EABL,214.73,450585
2025-08-28,EABL,213.47,994701
2025-08-29,EABL,216.22,1756094
2025-09-01,EABL,221.06,2874662
2025-09-02,EABL,222.41,99834
2025-09-03,EABL,219.25,2623996
2025-09-04,EABL,220.50,2556213
2025-09-05,EABL,224.69,1179727
2025-09-08,EABL,229.59,458302
2025-09-09,EABL,227.11,1351005
2025-09-10,EABL,226.22,2131365
2025-09-11,EABL,228.99,2807894
2025-09-12,EABL,227.05,2811421
2025-09-15,EABL,229.81,1866324
2025-09-16,EABL,228.63,2368029
2025-09-17,EABL,232.00,1031449
2025-09-18,EABL,236.19,520577
2025-09-19,EABL,236.05,1500040
2025-09-22,EABL,241.12,2348082
2025-09-23,EABL,238.15,2025067
2025-09-24,EABL,234.48,894278
2025-09-25,EABL,230.91,1228317
2025-09-26,EABL,235.46,1429440
2025-09-29,EABL,231.73,1759112
2025-09-30,EABL,227.82,1031428
2025-10-01,EABL,224.56,2794548
2025-10-02,EABL,220.83,2651451
2025-10-03,EABL,223.43,2043213
2025-10-06,EABL,226.17,2752677
2025-10-07,EABL,222.49,1175206
2025-10-08,EABL,224.84,2385869
2025-10-09,EABL,222.06,631367
2025-10-10,EABL,226.84,1036339
2025-10-13,EABL,230.60,647424
2025-10-14,EABL,228.96,1726953
2025-10-15,EABL,233.28,1049620
2025-10-16,EABL,237.97,1914206
2025-10-17,EABL,234.37,641639
2025-10-20,EABL,232.29,190980
2025-10-21,EABL,235.83,123906
2025-10-22,EABL,235.61,346025
2025-10-23,EABL,237.30,1071761
2025-10-24,EABL,235.63,2877277
2025-10-27,EABL,235.80,868446
2025-10-28,EABL,234.78,1275799
2025-10-29,EABL,235.21,2335921
2025-10-30,EABL,239.21,2012105
2025-10-31,EABL,237.93,448275
2025-11-03,EABL,234.57,1398230
2025-11-04,EABL,232.73,1219086
2025-11-05,EABL,232.10,1929936
2025-11-06,EABL,232.75,929740
2025-11-07,EABL,233.44,44717
2025-11-10,EABL,236.27,2066974
2025-11-11,EABL,232.95,226090
2025-11-12,EABL,229.03,643066
2025-11-13,EABL,231.83,2081946
2025-11-14,EABL,234.75,1850532
2025-11-17,EABL,234.20,912866
2025-11-18,EABL,236.60,2572894
2025-11-19,EABL,241.78,1953786
2025-11-20,EABL,243.97,2578356
2025-11-21,EABL,246.86,1860444
2025-11-24,EABL,244.92,2190838
2025-11-25,EABL,247.78,1188666
2025-11-26,EABL,243.63,2746198
2025-11-27,EABL,241.53,923221
2025-11-28,EABL,243.85,2349005
2025-12-01,EABL,242.14,2140573
2025-12-02,EABL,245.92,1313470
2025-12-03,EABL,248.49,2616150
2025-12-04,EABL,252.14,2311443
2025-12-05,EABL,249.54,2485448
2025-12-08,EABL,250.96,1542140
2025-12-09,EABL,247.34,2076043
2025-12-10,EABL,244.53,1512844
2025-12-11,EABL,243.31,855385
2025-12-12,EABL,245.66,688942
2025-12-15,EABL,246.77,1223456
2025-12-16,EABL,243.56,2897560
2025-12-17,EABL,243.37,2260870
2025-12-18,EABL,245.26,491469
2025-12-19,EABL,242.43,2501693
2025-12-22,EABL,245.13,1348904
2025-12-23,EABL,245.18,2896995
2025-12-24,EABL,249.04,138911
2025-12-25,EABL,251.51,2242213
2025-12-26,EABL,250.56,928540
2025-12-29,EABL,247.83,1380207
2025-12-30,EABL,249.61,986853
2025-12-31,EABL,252.16,820138
2026-01-01,EABL,253.70,2517566
2026-01-02,EABL,257.57,1240430
2026-01-05,EABL,263.09,1235824
2026-01-06,EABL,264.22,992653
2026-01-07,EABL,267.89,855574
2026-01-08,EABL,268.91,2120353
2026-01-09,EABL,270.32,450109
2026-01-12,EABL,268.21,500522
2026-01-13,EABL,270.13,644348
2026-01-14,EABL,268.12,1265634
2026-01-15,EABL,266.89,2878239
2026-01-16,EABL,270.57,1448717
2026-01-19,EABL,267.22,2163091
2026-01-20,EABL,270.64,570468
2026-01-21,EABL,272.42,514977
2026-01-22,EABL,274.10,153562
2026-01-23,EABL,275.15,923053
2026-01-26,EABL,272.12,2924192
2026-01-27,EABL,277.48,92006
2026-01-28,EABL,282.34,2559936
2026-01-29,EABL,278.96,756256
2026-01-30,EABL,276.24,1697448
2026-02-02,EABL,282.55,950001
2026-02-03,EABL,286.80,2609242
2026-02-04,EABL,283.35,2639166
2026-02-05,EABL,279.22,365776
2026-02-06,EABL,279.23,153038
2026-02-09,EABL,285.27,1626722
2026-02-10,EABL,288.96,683234
2026-02-11,EABL,291.65,1345349
2026-02-12,EABL,295.96,547483
2026-02-13,EABL,292.85,2343532
2026-02-16,EABL,296.86,2685807
2026-02-17,EABL,297.70,1452228
2026-02-18,EABL,302.00,1425042
2026-02-19,EABL,303.88,1055613
2026-02-20,EABL,306.22,56549
2026-02-23,EABL,307.46,2227291
2026-02-24,EABL,313.80,2881650
2026-02-25,EABL,314.35,2497692
2026-02-26,EABL,310.13,2778823
2026-02-27,EABL,305.79,2584457
2026-03-02,EABL,303.75,351673
2026-03-03,EABL,309.66,2152936
2026-03-04,EABL,312.56,1906400
2026-03-05,EABL,307.38,725753
2026-03-06,EABL,312.66,1671841
2026-03-09,EABL,307.34,2406381
2026-03-10,EABL,304.01,2899531
2026-03-11,EABL,306.01,414977
2026-03-12,EABL,312.32,2648503
2026-03-13,EABL,311.02,993578
2026-03-16,EABL,313.97,2510060
2026-03-17,EABL,311.60,2686458
2026-03-18,EABL,309.92,537608
2026-03-19,EABL,311.12,2356275
2026-03-20,EABL,315.19,2504957
2026-03-23,EABL,309.92,186333
2026-03-24,EABL,308.63,504851
2026-03-25,EABL,311.37,2879725
2026-03-26,EABL,311.38,2842456
2026-03-27,EABL,309.06,2973149
2026-03-30,EABL,309.44,2997623
2026-03-31,EABL,305.79,2164622
2026-04-01,EABL,311.69,2985557
2026-04-02,EABL,316.63,1546501
2026-04-03,EABL,311.89,295212
2026-04-06,EABL,311.84,2696311
2026-04-07,EABL,307.58,2901196
2026-04-08,EABL,306.31,1628231
2026-04-09,EABL,305.68,628199
2026-04-10,EABL,311.21,1206172
2026-04-13,EABL,318.31,1846579
2026-04-14,EABL,315.30,770755
2026-04-15,EABL,322.10,688878
2026-04-16,EABL,326.11,501986
2026-04-17,EABL,320.98,1884934
2026-04-20,EABL,327.68,2751623
2026-04-21,EABL,334.73,1043825
2026-04-22,EABL,329.03,2655215
2026-04-23,EABL,332.49,231687
2026-04-24,EABL,329.78,812828
2025-06-02,BAT,523.48,2369212
2025-06-03,BAT,526.06,2396102
2025-06-04,BAT,527.31,1452111
2025-06-05,BAT,524.07,1365391
2025-06-06,BAT,522.77,742554
2025-06-09,BAT,521.26,1645108
2025-06-10,BAT,522.63,932061
2025-06-11,BAT,516.96,674642
2025-06-12,BAT,522.77,1737328
2025-06-13,BAT,525.28,1056836
2025-06-16,BAT,521.46,201857
2025-06-17,BAT,531.21,844899
2025-06-18,BAT,539.49,1343496
2025-06-19,BAT,538.61,534918
2025-06-20,BAT,544.67,1919628
2025-06-23,BAT,552.07,479016
2025-06-24,BAT,561.14,2066336
2025-06-25,BAT,559.31,2597104
2025-06-26,BAT,571.20,2346637
2025-06-27,BAT,569.11,781331
2025-06-30,BAT,568.34,1718486
2025-07-01,BAT,573.84,901302
2025-07-02,BAT,566.86,1174846
2025-07-03,BAT,565.62,1246479
2025-07-04,BAT,559.26,940662
2025-07-07,BAT,568.84,1027727
2025-07-08,BAT,571.63,2736778
2025-07-09,BAT,583.86,2188162
2025-07-10,BAT,578.75,374745
2025-07-11,BAT,588.63,1852097
2025-07-14,BAT,590.63,1216794
2025-07-15,BAT,583.57,947714
2025-07-16,BAT,584.08,889547
2025-07-17,BAT,588.74,1350520
2025-07-18,BAT,580.48,949439
2025-07-21,BAT,583.76,277389
2025-07-22,BAT,578.38,1594758
2025-07-23,BAT,580.62,310116
2025-07-24,BAT,575.56,99637
2025-07-25,BAT,579.48,592980
2025-07-28,BAT,573.79,1561862
2025-07-29,BAT,582.57,2137054
2025-07-30,BAT,578.67,1087880
2025-07-31,BAT,585.31,1197830
2025-08-01,BAT,585.59,514611
2025-08-04,BAT,587.02,1504291
2025-08-05,BAT,584.44,257127
2025-08-06,BAT,577.11,1133703
2025-08-07,BAT,584.23,1430348
2025-08-08,BAT,580.96,45285
2025-08-11,BAT,589.30,113750
2025-08-12,BAT,601.70,1193214
2025-08-13,BAT,594.17,995757
2025-08-14,BAT,589.07,725893
2025-08-15,BAT,592.37,548752
2025-08-18,BAT,604.26,2220309
2025-08-19,BAT,610.19,1876027
2025-08-20,BAT,623.24,1955707
2025-08-21,BAT,625.12,1584151
2025-08-22,BAT,625.95,2960633
2025-08-25,BAT,636.16,277623
2025-08-26,BAT,633.36,1276410
2025-08-27,BAT,641.63,1460370
2025-08-28,BAT,642.40,2723440
2025-08-29,BAT,650.44,1321810
2025-09-01,BAT,639.41,469891
2025-09-02,BAT,635.10,2479560
2025-09-03,BAT,643.68,1783782
2025-09-04,BAT,658.07,2750696
2025-09-05,BAT,647.13,1994989
2025-09-08,BAT,641.19,2317428
2025-09-09,BAT,639.29,182448
2025-09-10,BAT,631.44,2780255
2025-09-11,BAT,621.32,1983795
2025-09-12,BAT,633.68,182435
2025-09-15,BAT,626.01,625349
2025-09-16,BAT,621.11,2810535
2025-09-17,BAT,629.36,2519975
2025-09-18,BAT,626.31,2896595
2025-09-19,BAT,617.73,1939477
2025-09-22,BAT,615.58,503125
2025-09-23,BAT,626.35,2068591
2025-09-24,BAT,622.92,1238562
2025-09-25,BAT,615.69,2865986
2025-09-26,BAT,620.88,739392
2025-09-29,BAT,635.10,488135
2025-09-30,BAT,631.25,363966
2025-10-01,BAT,629.78,592826
2025-10-02,BAT,623.37,1568013
2025-10-03,BAT,630.18,1229477
2025-10-06,BAT,643.62,2195181
2025-10-07,BAT,640.27,388194
2025-10-08,BAT,645.69,346206
2025-10-09,BAT,643.82,1407996
2025-10-10,BAT,639.58,998501
2025-10-13,BAT,643.16,718545
2025-10-14,BAT,649.14,753708
2025-10-15,BAT,638.20,1433560
2025-10-16,BAT,628.72,1460399
2025-10-17,BAT,623.86,605534
2025-10-20,BAT,626.51,2181182
2025-10-21,BAT,623.67,49951
2025-10-22,BAT,619.11,1765622
2025-10-23,BAT,620.26,386835
2025-10-24,BAT,632.86,2439222
2025-10-27,BAT,631.36,2256024
2025-10-28,BAT,625.08,1154272
2025-10-29,BAT,634.81,2408515
2025-10-30,BAT,646.42,2095653
2025-10-31,BAT,649.03,2147928
2025-11-03,BAT,646.98,388937
2025-11-04,BAT,661.07,1965489
2025-11-05,BAT,672.89,1958907
2025-11-06,BAT,685.28,1219841
2025-11-07,BAT,687.42,408645
2025-11-10,BAT,686.31,2322820
2025-11-11,BAT,683.16,2626513
2025-11-12,BAT,672.89,1991476
2025-11-13,BAT,673.78,1790990
2025-11-14,BAT,671.81,2761472
2025-11-17,BAT,663.94,2372682
2025-11-18,BAT,674.57,1829329
2025-11-19,BAT,670.78,642953
2025-11-20,BAT,671.99,1300639
2025-11-21,BAT,677.98,1617967
2025-11-24,BAT,687.28,1938625
2025-11-25,BAT,694.00,168832
2025-11-26,BAT,684.98,1997412
2025-11-27,BAT,674.15,1121951
2025-11-28,BAT,683.49,994360
2025-12-01,BAT,685.61,1705039
2025-12-02,BAT,680.18,2186535
2025-12-03,BAT,676.52,2369496
2025-12-04,BAT,690.98,2177760
2025-12-05,BAT,696.72,1140146
2025-12-08,BAT,701.33,2886240
2025-12-09,BAT,696.99,943892
2025-12-10,BAT,691.27,549502
2025-12-11,BAT,685.98,1478983
2025-12-12,BAT,679.27,1920387
2025-12-15,BAT,672.01,1570124
2025-12-16,BAT,668.94,1141823
2025-12-17,BAT,665.63,1484513
2025-12-18,BAT,674.25,2812478
2025-12-19,BAT,676.96,2248116
2025-12-22,BAT,672.55,2378759
2025-12-23,BAT,675.40,1734689
2025-12-24,BAT,685.70,2810956
2025-12-25,BAT,700.07,2796900
2025-12-26,BAT,701.33,1175669
2025-12-29,BAT,710.41,1153145
2025-12-30,BAT,721.52,1400362
2025-12-31,BAT,728.59,2422746
2026-01-01,BAT,734.53,2790381
2026-01-02,BAT,749.10,1584765
2026-01-05,BAT,748.96,1665949
2026-01-06,BAT,752.40,845524
2026-01-07,BAT,762.59,333137
2026-01-08,BAT,757.18,1068523
2026-01-09,BAT,771.01,844127
2026-01-12,BAT,759.33,382420
2026-01-13,BAT,762.97,433809
2026-01-14,BAT,776.23,874664
2026-01-15,BAT,772.58,338223
2026-01-16,BAT,784.87,721758
2026-01-19,BAT,778.64,2781871
2026-01-20,BAT,780.83,831725
2026-01-21,BAT,769.32,80829
2026-01-22,BAT,763.99,2668866
2026-01-23,BAT,777.37,2946699
2026-01-26,BAT,769.82,2767572
2026-01-27,BAT,786.42,987935
2026-01-28,BAT,782.26,628964
2026-01-29,BAT,793.08,1450690
2026-01-30,BAT,807.75,2022084
2026-02-02,BAT,817.53,2288691
2026-02-03,BAT,809.30,2097263
2026-02-04,BAT,815.04,1818841
2026-02-05,BAT,810.27,1700855
2026-02-06,BAT,825.53,2467909
2026-02-09,BAT,843.19,2782219
2026-02-10,BAT,862.02,228323
2026-02-11,BAT,874.74,300224
2026-02-12,BAT,894.37,1730709
2026-02-13,BAT,911.57,1719258
2026-02-16,BAT,904.53,2448335
2026-02-17,BAT,923.78,1095097
2026-02-18,BAT,933.23,2334824
2026-02-19,BAT,933.27,1259158
2026-02-20,BAT,936.35,503707
2026-02-23,BAT,927.96,1711090
2026-02-24,BAT,945.23,2988139
2026-02-25,BAT,966.42,2699679
2026-02-26,BAT,981.19,1775803
2026-02-27,BAT,974.94,1710988
2026-03-02,BAT,959.55,811470
2026-03-03,BAT,944.26,1605098
2026-03-04,BAT,945.69,1900155
2026-03-05,BAT,940.65,288701
2026-03-06,BAT,948.26,2933342
2026-03-09,BAT,957.47,1504607
2026-03-10,BAT,945.14,988803
2026-03-11,BAT,961.06,1936043
2026-03-12,BAT,950.06,2637351
2026-03-13,BAT,951.66,521488
2026-03-16,BAT,969.52,2944598
2026-03-17,BAT,973.47,1113430
2026-03-18,BAT,991.16,1834138
2026-03-19,BAT,998.62,2501354
2026-03-20,BAT,983.92,272949
2026-03-23,BAT,979.43,2580214
2026-03-24,BAT,1001.70,2599137
2026-03-25,BAT,1018.22,2191570
2026-03-26,BAT,1001.66,2811037
2026-03-27,BAT,1004.15,1857046
2026-03-30,BAT,1024.38,513617
2026-03-31,BAT,1023.66,2767015
2026-04-01,BAT,1032.99,2608449
2026-04-02,BAT,1041.18,913817
2026-04-03,BAT,1058.99,2119047
2026-04-06,BAT,1076.43,482722
2026-04-07,BAT,1072.45,835177
2026-04-08,BAT,1067.12,294697
2026-04-09,BAT,1082.88,321349
2026-04-10,BAT,1103.12,2579729
2026-04-13,BAT,1124.36,2894098
2026-04-14,BAT,1105.97,1456743
2026-04-15,BAT,1123.70,2629896
2026-04-16,BAT,1105.69,844256
2026-04-17,BAT,1110.10,1543008
2026-04-20,BAT,1131.08,1376120
2026-04-21,BAT,1123.30,560101
2026-04-22,BAT,1139.13,2058291
2026-04-23,BAT,1136.17,2482647
2026-04-24,BAT,1155.13,1384226
2025-06-02,BAMB,42.35,2938826
2025-06-03,BAMB,41.82,1411852
2025-06-04,BAMB,42.23,728310
2025-06-05,BAMB,42.12,1748554
2025-06-06,BAMB,42.15,685887
2025-06-09,BAMB,41.50,2990494
2025-06-10,BAMB,41.11,600486
2025-06-11,BAMB,40.56,2689206
2025-06-12,BAMB,41.11,2562224
2025-06-13,BAMB,41.32,673942
2025-06-16,BAMB,41.85,923690
2025-06-17,BAMB,41.19,2068865
2025-06-18,BAMB,40.63,2282511
2025-06-19,BAMB,40.95,318496
2025-06-20,BAMB,41.59,2600738
2025-06-23,BAMB,42.25,2961821
2025-06-24,BAMB,41.80,567688
2025-06-25,BAMB,42.16,1840632
2025-06-26,BAMB,42.85,2642116
2025-06-27,BAMB,43.12,2483813
2025-06-30,BAMB,42.43,229313
2025-07-01,BAMB,41.86,117793
2025-07-02,BAMB,41.40,611215
2025-07-03,BAMB,41.47,2312177
2025-07-04,BAMB,42.27,1973978
2025-07-07,BAMB,42.06,1728102
2025-07-08,BAMB,42.65,2623522
2025-07-09,BAMB,41.97,1202524
2025-07-10,BAMB,42.87,1177077
2025-07-11,BAMB,42.98,2580744
2025-07-14,BAMB,43.24,1609588
2025-07-15,BAMB,43.39,465110
2025-07-16,BAMB,42.92,670237
2025-07-17,BAMB,42.47,550866
2025-07-18,BAMB,42.20,813117
2025-07-21,BAMB,42.23,2436595
2025-07-22,BAMB,42.27,683235
2025-07-23,BAMB,42.50,418410
2025-07-24,BAMB,42.79,2045976
2025-07-25,BAMB,42.71,554206
2025-07-28,BAMB,42.47,248874
2025-07-29,BAMB,42.09,258851
2025-07-30,BAMB,42.44,2853843
2025-07-31,BAMB,43.02,1140111
2025-08-01,BAMB,42.65,2938820
2025-08-04,BAMB,42.22,567694
2025-08-05,BAMB,42.76,150459
2025-08-06,BAMB,43.25,1943912
2025-08-07,BAMB,43.00,1210130
2025-08-08,BAMB,42.57,1276115
2025-08-11,BAMB,42.38,2112067
2025-08-12,BAMB,43.02,467006
2025-08-13,BAMB,43.47,2987734
2025-08-14,BAMB,43.07,1426993
2025-08-15,BAMB,42.36,1701831
2025-08-18,BAMB,42.22,558019
2025-08-19,BAMB,42.34,1154655
2025-08-20,BAMB,42.50,2540838
2025-08-21,BAMB,43.32,1853786
2025-08-22,BAMB,43.18,1716946
2025-08-25,BAMB,43.89,2330095
2025-08-26,BAMB,44.18,302018
2025-08-27,BAMB,44.86,590315
2025-08-28,BAMB,44.72,2489105
2025-08-29,BAMB,45.57,1149364
2025-09-01,BAMB,44.89,822111
2025-09-02,BAMB,45.16,2284572
2025-09-03,BAMB,44.50,2763779
2025-09-04,BAMB,44.39,783122
2025-09-05,BAMB,44.59,2009809
2025-09-08,BAMB,44.60,1062602
2025-09-09,BAMB,45.19,226595
2025-09-10,BAMB,45.69,439200
2025-09-11,BAMB,46.08,668896
2025-09-12,BAMB,46.43,1275789
2025-09-15,BAMB,46.61,1828067
2025-09-16,BAMB,46.16,133117
2025-09-17,BAMB,46.94,1624539
2025-09-18,BAMB,47.34,1752868
2025-09-19,BAMB,47.13,1676615
2025-09-22,BAMB,47.71,2843127
2025-09-23,BAMB,47.65,2840102
2025-09-24,BAMB,47.49,1613461
2025-09-25,BAMB,46.87,2724638
2025-09-26,BAMB,47.09,2154821
2025-09-29,BAMB,47.46,1436646
2025-09-30,BAMB,48.26,2689974
2025-10-01,BAMB,49.30,2407139
2025-10-02,BAMB,49.43,2149179
2025-10-03,BAMB,50.04,87603
2025-10-06,BAMB,49.20,1765208
2025-10-07,BAMB,48.79,1806154
2025-10-08,BAMB,49.86,1053032
2025-10-09,BAMB,50.60,2757329
2025-10-10,BAMB,50.39,2106735
2025-10-13,BAMB,50.48,2197001
2025-10-14,BAMB,49.74,569927
2025-10-15,BAMB,50.81,1149756
2025-10-16,BAMB,50.62,1195030
2025-10-17,BAMB,51.71,140894
2025-10-20,BAMB,50.89,797416
2025-10-21,BAMB,50.87,1825550
2025-10-22,BAMB,51.66,1987436
2025-10-23,BAMB,51.73,838541
2025-10-24,BAMB,52.36,2876526
2025-10-27,BAMB,52.96,595625
2025-10-28,BAMB,53.44,628883
2025-10-29,BAMB,54.27,1923836
2025-10-30,BAMB,54.60,1473662
2025-10-31,BAMB,53.92,2024461
2025-11-03,BAMB,53.58,911069
2025-11-04,BAMB,54.14,2432380
2025-11-05,BAMB,54.90,1185455
2025-11-06,BAMB,54.14,999684
2025-11-07,BAMB,54.46,2937519
2025-11-10,BAMB,54.71,1462356
2025-11-11,BAMB,54.23,1858584
2025-11-12,BAMB,55.02,1917771
2025-11-13,BAMB,55.45,1904270
2025-11-14,BAMB,54.68,888464
2025-11-17,BAMB,53.94,1428228
2025-11-18,BAMB,53.44,499671
2025-11-19,BAMB,53.43,2757618
2025-11-20,BAMB,53.89,2537801
2025-11-21,BAMB,53.74,763990
2025-11-24,BAMB,53.47,255515
2025-11-25,BAMB,53.06,114751
2025-11-26,BAMB,53.03,2180700
2025-11-27,BAMB,53.92,947369
2025-11-28,BAMB,53.67,1483785
2025-12-01,BAMB,52.92,2049828
2025-12-02,BAMB,53.81,231522
2025-12-03,BAMB,54.34,2924304
2025-12-04,BAMB,53.68,1550022
2025-12-05,BAMB,54.43,2822322
2025-12-08,BAMB,55.36,1477954
2025-12-09,BAMB,55.72,1278372
2025-12-10,BAMB,54.91,662373
2025-12-11,BAMB,55.68,1809502
2025-12-12,BAMB,56.25,1278655
2025-12-15,BAMB,55.56,498034
2025-12-16,BAMB,56.25,1414071
2025-12-17,BAMB,55.77,2549130
2025-12-18,BAMB,56.80,1917880
2025-12-19,BAMB,57.61,1250639
2025-12-22,BAMB,58.03,730885
2025-12-23,BAMB,59.00,370863
2025-12-24,BAMB,58.94,688417
2025-12-25,BAMB,58.84,119277
2025-12-26,BAMB,58.28,490742
2025-12-29,BAMB,57.48,308222
2025-12-30,BAMB,57.05,1553940
2025-12-31,BAMB,58.28,793126
2026-01-01,BAMB,57.66,1041498
2026-01-02,BAMB,58.20,752002
2026-01-05,BAMB,57.94,667988
2026-01-06,BAMB,57.00,2251477
2026-01-07,BAMB,56.76,2673128
2026-01-08,BAMB,56.32,2694165
2026-01-09,BAMB,55.98,874167
2026-01-12,BAMB,56.96,745219
2026-01-13,BAMB,58.10,2054635
2026-01-14,BAMB,58.65,498468
2026-01-15,BAMB,58.54,743555
2026-01-16,BAMB,58.16,2979842
2026-01-19,BAMB,57.99,1416596
2026-01-20,BAMB,58.23,1062118
2026-01-21,BAMB,58.82,577973
2026-01-22,BAMB,59.92,2757677
2026-01-23,BAMB,60.32,2170346
2026-01-26,BAMB,59.98,397368
2026-01-27,BAMB,60.65,2838571
2026-01-28,BAMB,60.37,2277288
2026-01-29,BAMB,61.02,520611
2026-01-30,BAMB,62.03,415298
2026-02-02,BAMB,63.19,619644
2026-02-03,BAMB,62.63,2012249
2026-02-04,BAMB,63.26,2584506
2026-02-05,BAMB,63.82,860759
2026-02-06,BAMB,64.67,919639
2026-02-09,BAMB,63.60,1568473
2026-02-10,BAMB,63.75,2144266
2026-02-11,BAMB,63.22,1403641
2026-02-12,BAMB,63.25,2706682
2026-02-13,BAMB,63.48,579280
2026-02-16,BAMB,63.38,1456378
2026-02-17,BAMB,62.52,160227
2026-02-18,BAMB,62.64,2019665
2026-02-19,BAMB,62.38,1457413
2026-02-20,BAMB,62.00,1323390
2026-02-23,BAMB,62.06,743995
2026-02-24,BAMB,62.68,2222199
2026-02-25,BAMB,63.97,2272013
2026-02-26,BAMB,63.72,505263
2026-02-27,BAMB,64.60,2693504
2026-03-02,BAMB,64.60,2064950
2026-03-03,BAMB,64.09,84044
2026-03-04,BAMB,65.35,722780
2026-03-05,BAMB,64.30,667399
2026-03-06,BAMB,63.50,213661
2026-03-09,BAMB,64.64,370086
2026-03-10,BAMB,64.12,205947
2026-03-11,BAMB,63.54,954930
2026-03-12,BAMB,62.91,874480
2026-03-13,BAMB,63.65,2839124
2026-03-16,BAMB,64.98,1385233
2026-03-17,BAMB,66.03,369856
2026-03-18,BAMB,65.30,1148235
2026-03-19,BAMB,65.01,1637878
2026-03-20,BAMB,64.54,2051170
2026-03-23,BAMB,65.78,1705218
2026-03-24,BAMB,65.89,729349
2026-03-25,BAMB,66.60,1970229
2026-03-26,BAMB,66.82,1220353
2026-03-27,BAMB,67.17,1627857
2026-03-30,BAMB,67.74,2637212
2026-03-31,BAMB,68.38,760527
2026-04-01,BAMB,68.26,349385
2026-04-02,BAMB,68.38,1764113
2026-04-03,BAMB,67.56,1384825
2026-04-06,BAMB,67.66,1344969
2026-04-07,BAMB,67.31,2173515
2026-04-08,BAMB,67.67,2050653
2026-04-09,BAMB,68.72,985455
2026-04-10,BAMB,69.34,1822531
2026-04-13,BAMB,69.04,2028996
2026-04-14,BAMB,69.77,2297662
2026-04-15,BAMB,69.92,445861
2026-04-16,BAMB,69.15,1234361
2026-04-17,BAMB,69.84,1451486
2026-04-20,BAMB,69.02,1107593
2026-04-21,BAMB,69.49,931161
2026-04-22,BAMB,70.51,1759383
2026-04-23,BAMB,70.02,898996
2026-04-24,BAMB,69.74,2589372
2025-06-02,KPLC,9.03,1116813
2025-06-03,KPLC,8.96,1684598
2025-06-04,KPLC,9.01,1334323
2025-06-05,KPLC,8.98,1995475
2025-06-06,KPLC,8.85,86918
2025-06-09,KPLC,8.80,2791274
2025-06-10,KPLC,8.76,197472
2025-06-11,KPLC,8.93,1828318
2025-06-12,KPLC,8.97,2581226
2025-06-13,KPLC,8.99,603107
2025-06-16,KPLC,8.94,99384
2025-06-17,KPLC,8.90,2996470
2025-06-18,KPLC,8.83,2487482
2025-06-19,KPLC,8.89,2877473
2025-06-20,KPLC,8.97,515389
2025-06-23,KPLC,8.86,2949385
2025-06-24,KPLC,8.94,1049780
2025-06-25,KPLC,8.87,1774114
2025-06-26,KPLC,8.90,1473208
2025-06-27,KPLC,8.85,2538511
2025-06-30,KPLC,8.91,257317
2025-07-01,KPLC,9.03,1013971
2025-07-02,KPLC,8.90,2423269
2025-07-03,KPLC,8.99,2343744
2025-07-04,KPLC,8.84,2595699
2025-07-07,KPLC,8.95,2001324
2025-07-08,KPLC,8.91,1405024
2025-07-09,KPLC,9.01,2028003
2025-07-10,KPLC,9.21,2076655
2025-07-11,KPLC,9.09,2819498
2025-07-14,KPLC,9.10,2339758
2025-07-15,KPLC,9.03,1399184
2025-07-16,KPLC,9.15,1209256
2025-07-17,KPLC,9.16,1540878
2025-07-18,KPLC,9.24,789690
2025-07-21,KPLC,9.11,678499
2025-07-22,KPLC,9.30,2723118
2025-07-23,KPLC,9.16,2501749
2025-07-24,KPLC,9.20,2556617
2025-07-25,KPLC,9.36,1626291
2025-07-28,KPLC,9.36,1308740
2025-07-29,KPLC,9.31,2055617
2025-07-30,KPLC,9.37,2004159
2025-07-31,KPLC,9.31,88741
2025-08-01,KPLC,9.24,1956247
2025-08-04,KPLC,9.45,263100
2025-08-05,KPLC,9.44,2922572
2025-08-06,KPLC,9.48,2640815
2025-08-07,KPLC,9.68,2505586
2025-08-08,KPLC,9.84,857331
2025-08-11,KPLC,9.67,153761
2025-08-12,KPLC,9.63,2924903
2025-08-13,KPLC,9.59,2840981
2025-08-14,KPLC,9.66,2892145
2025-08-15,KPLC,9.63,2846215
2025-08-18,KPLC,9.80,2108743
2025-08-19,KPLC,9.69,2432004
2025-08-20,KPLC,9.63,1222616
2025-08-21,KPLC,9.64,340309
2025-08-22,KPLC,9.69,1039029
2025-08-25,KPLC,9.63,2646228
2025-08-26,KPLC,9.79,282265
2025-08-27,KPLC,9.66,248988
2025-08-28,KPLC,9.54,2827310
2025-08-29,KPLC,9.46,2015242
2025-09-01,KPLC,9.60,1813030
2025-09-02,KPLC,9.75,584837
2025-09-03,KPLC,9.60,81478
2025-09-04,KPLC,9.51,569729
2025-09-05,KPLC,9.35,1659450
2025-09-08,KPLC,9.53,89907
2025-09-09,KPLC,9.56,721924
2025-09-10,KPLC,9.49,1970673
2025-09-11,KPLC,9.50,2802790
2025-09-12,KPLC,9.43,1786082
2025-09-15,KPLC,9.40,375947
2025-09-16,KPLC,9.55,1479157
2025-09-17,KPLC,9.60,1870147
2025-09-18,KPLC,9.56,249022
2025-09-19,KPLC,9.74,1123148
2025-09-22,KPLC,9.62,466046
2025-09-23,KPLC,9.51,1375761
2025-09-24,KPLC,9.61,2567977
2025-09-25,KPLC,9.59,196860
2025-09-26,KPLC,9.68,708291
2025-09-29,KPLC,9.59,1658989
2025-09-30,KPLC,9.44,2693195
2025-10-01,KPLC,9.50,2194552
2025-10-02,KPLC,9.44,1190619
2025-10-03,KPLC,9.37,88357
2025-10-06,KPLC,9.23,2350726
2025-10-07,KPLC,9.27,1983636
2025-10-08,KPLC,9.13,1507809
2025-10-09,KPLC,9.05,1128830
2025-10-10,KPLC,8.98,1658901
2025-10-13,KPLC,8.94,2146258
2025-10-14,KPLC,9.12,2726140
2025-10-15,KPLC,9.19,2653471
2025-10-16,KPLC,9.20,2178597
2025-10-17,KPLC,9.31,2597399
2025-10-20,KPLC,9.47,859948
2025-10-21,KPLC,9.56,2633738
2025-10-22,KPLC,9.44,993719
2025-10-23,KPLC,9.55,2865770
2025-10-24,KPLC,9.47,1476538
2025-10-27,KPLC,9.36,2388614
2025-10-28,KPLC,9.46,1486575
2025-10-29,KPLC,9.56,2105829
2025-10-30,KPLC,9.63,2566921
2025-10-31,KPLC,9.82,2321665
2025-11-03,KPLC,9.70,1153937
2025-11-04,KPLC,9.60,1213121
2025-11-05,KPLC,9.72,1016264
2025-11-06,KPLC,9.90,2018828
2025-11-07,KPLC,9.82,497473
2025-11-10,KPLC,9.92,1036746
2025-11-11,KPLC,9.94,1914450
2025-11-12,KPLC,9.96,1916943
2025-11-13,KPLC,9.90,2669803
2025-11-14,KPLC,9.88,2341281
2025-11-17,KPLC,9.75,2818492
2025-11-18,KPLC,9.77,1837363
2025-11-19,KPLC,9.61,1333516
2025-11-20,KPLC,9.56,2668716
2025-11-21,KPLC,9.53,1409654
2025-11-24,KPLC,9.62,702591
2025-11-25,KPLC,9.46,978958
2025-11-26,KPLC,9.31,1838789
2025-11-27,KPLC,9.16,776995
2025-11-28,KPLC,9.27,1754069
2025-12-01,KPLC,9.11,2212752
2025-12-02,KPLC,9.27,553676
2025-12-03,KPLC,9.32,2600334
2025-12-04,KPLC,9.38,2060463
2025-12-05,KPLC,9.31,1003259
2025-12-08,KPLC,9.21,2940577
2025-12-09,KPLC,9.16,1036013
2025-12-10,KPLC,9.04,2135758
2025-12-11,KPLC,8.96,639548
2025-12-12,KPLC,8.94,2201738
2025-12-15,KPLC,8.90,2227843
2025-12-16,KPLC,8.88,1156746
2025-12-17,KPLC,8.84,1814200
2025-12-18,KPLC,8.74,1090801
2025-12-19,KPLC,8.87,483478
2025-12-22,KPLC,8.94,2542351
2025-12-23,KPLC,8.98,381238
2025-12-24,KPLC,8.98,1869757
2025-12-25,KPLC,8.97,537548
2025-12-26,KPLC,9.15,2648486
2025-12-29,KPLC,9.29,1236469
2025-12-30,KPLC,9.40,1597726
2025-12-31,KPLC,9.48,1416551
2026-01-01,KPLC,9.46,1460735
2026-01-02,KPLC,9.67,992513
2026-01-05,KPLC,9.67,87394
2026-01-06,KPLC,9.69,975016
2026-01-07,KPLC,9.72,883143
2026-01-08,KPLC,9.62,2524697
2026-01-09,KPLC,9.81,796315
2026-01-12,KPLC,9.76,864845
2026-01-13,KPLC,9.98,1743486
2026-01-14,KPLC,10.13,2145813
2026-01-15,KPLC,10.25,1950515
2026-01-16,KPLC,10.44,1160937
2026-01-19,KPLC,10.57,2066382
2026-01-20,KPLC,10.65,2196793
2026-01-21,KPLC,10.48,964122
2026-01-22,KPLC,10.33,51871
2026-01-23,KPLC,10.50,159590
2026-01-26,KPLC,10.45,2815459
2026-01-27,KPLC,10.44,471022
2026-01-28,KPLC,10.62,97221
2026-01-29,KPLC,10.80,1791060
2026-01-30,KPLC,10.68,2667359
2026-02-02,KPLC,10.50,1525113
2026-02-03,KPLC,10.48,1351554
2026-02-04,KPLC,10.50,232904
2026-02-05,KPLC,10.72,2254954
2026-02-06,KPLC,10.56,2246922
2026-02-09,KPLC,10.40,1244326
2026-02-10,KPLC,10.32,2699336
2026-02-11,KPLC,10.15,1552989
2026-02-12,KPLC,10.13,1425033
2026-02-13,KPLC,9.99,1662825
2026-02-16,KPLC,9.92,650566
2026-02-17,KPLC,9.78,2123788
2026-02-18,KPLC,9.73,173754
2026-02-19,KPLC,9.59,2059931
2026-02-20,KPLC,9.61,548758
2026-02-23,KPLC,9.64,1602781
2026-02-24,KPLC,9.65,506770
2026-02-25,KPLC,9.51,2087254
2026-02-26,KPLC,9.39,2091264
2026-02-27,KPLC,9.49,715186
2026-03-02,KPLC,9.51,2241453
2026-03-03,KPLC,9.66,565753
2026-03-04,KPLC,9.71,2573716
2026-03-05,KPLC,9.63,1895279
2026-03-06,KPLC,9.72,856279
2026-03-09,KPLC,9.61,1735862
2026-03-10,KPLC,9.49,2693403
2026-03-11,KPLC,9.47,1098031
2026-03-12,KPLC,9.58,1085120
2026-03-13,KPLC,9.52,2375577
2026-03-16,KPLC,9.53,1212879
2026-03-17,KPLC,9.50,2662383
2026-03-18,KPLC,9.41,1339741
2026-03-19,KPLC,9.58,1213175
2026-03-20,KPLC,9.60,701062
2026-03-23,KPLC,9.79,2474303
2026-03-24,KPLC,9.94,197093
2026-03-25,KPLC,10.07,791083
2026-03-26,KPLC,10.12,260633
2026-03-27,KPLC,10.27,1612858
2026-03-30,KPLC,10.47,1994337
2026-03-31,KPLC,10.52,792909
2026-04-01,KPLC,10.38,2238451
2026-04-02,KPLC,10.48,1503509
2026-04-03,KPLC,10.36,2800603
2026-04-06,KPLC,10.53,2756537
2026-04-07,KPLC,10.69,2241234
2026-04-08,KPLC,10.66,2134252
2026-04-09,KPLC,10.54,216611
2026-04-10,KPLC,10.73,223323
2026-04-13,KPLC,10.89,2498200
2026-04-14,KPLC,10.92,1024320
2026-04-15,KPLC,11.15,1286283
2026-04-16,KPLC,11.32,1024566
2026-04-17,KPLC,11.50,1084632
2026-04-20,KPLC,11.65,1565498
2026-04-21,KPLC,11.61,485529
2026-04-22,KPLC,11.50,944532
2026-04-23,KPLC,11.53,138637
2026-04-24,KPLC,11.53,1065701
2025-06-02,KEGN,8.00,2948340
2025-06-03,KEGN,8.17,457190
2025-06-04,KEGN,8.10,1694500
2025-06-05,KEGN,8.02,1203015
2025-06-06,KEGN,7.97,2906298
2025-06-09,KEGN,7.92,2630644
2025-06-10,KEGN,8.02,1921889
2025-06-11,KEGN,7.98,918345
2025-06-12,KEGN,8.03,314513
2025-06-13,KEGN,8.06,1376159
2025-06-16,KEGN,8.17,1310181
2025-06-17,KEGN,8.06,2372697
2025-06-18,KEGN,8.08,2514105
2025-06-19,KEGN,8.02,909909
2025-06-20,KEGN,8.15,2613566
2025-06-23,KEGN,8.16,103810
2025-06-24,KEGN,8.15,624245
2025-06-25,KEGN,8.13,2746886
2025-06-26,KEGN,8.06,629806
2025-06-27,KEGN,8.08,2256624
2025-06-30,KEGN,7.95,2298135
2025-07-01,KEGN,7.96,1229682
2025-07-02,KEGN,8.03,2960855
2025-07-03,KEGN,8.20,523895
2025-07-04,KEGN,8.11,2005039
2025-07-07,KEGN,8.10,529096
2025-07-08,KEGN,8.21,1744539
2025-07-09,KEGN,8.28,465696
2025-07-10,KEGN,8.30,762961
2025-07-11,KEGN,8.36,248345
2025-07-14,KEGN,8.25,2662118
2025-07-15,KEGN,8.24,1047540
2025-07-16,KEGN,8.10,1023585
2025-07-17,KEGN,8.19,1150702
2025-07-18,KEGN,8.16,2070694
2025-07-21,KEGN,8.24,2273465
2025-07-22,KEGN,8.30,1227414
2025-07-23,KEGN,8.45,556228
2025-07-24,KEGN,8.50,1943929
2025-07-25,KEGN,8.66,115617
2025-07-28,KEGN,8.54,534803
2025-07-29,KEGN,8.68,2544241
2025-07-30,KEGN,8.64,2850559
2025-07-31,KEGN,8.74,774513
2025-08-01,KEGN,8.64,851731
2025-08-04,KEGN,8.51,1874392
2025-08-05,KEGN,8.54,2450228
2025-08-06,KEGN,8.65,2903947
2025-08-07,KEGN,8.80,1420223
2025-08-08,KEGN,8.94,2863212
2025-08-11,KEGN,8.99,2281239
2025-08-12,KEGN,9.00,213725
2025-08-13,KEGN,9.04,545599
2025-08-14,KEGN,8.94,218257
2025-08-15,KEGN,8.90,2741096
2025-08-18,KEGN,8.83,729350
2025-08-19,KEGN,8.93,397111
2025-08-20,KEGN,8.80,1282864
2025-08-21,KEGN,8.75,601089
2025-08-22,KEGN,8.72,2114203
2025-08-25,KEGN,8.78,2591022
2025-08-26,KEGN,8.90,951196
2025-08-27,KEGN,9.03,1727831
2025-08-28,KEGN,9.11,574097
2025-08-29,KEGN,9.20,2318098
2025-09-01,KEGN,9.34,2702726
2025-09-02,KEGN,9.25,2139833
2025-09-03,KEGN,9.26,328011
2025-09-04,KEGN,9.31,1989818
2025-09-05,KEGN,9.36,1827741
2025-09-08,KEGN,9.48,902034
2025-09-09,KEGN,9.39,741718
2025-09-10,KEGN,9.38,1712755
2025-09-11,KEGN,9.49,1837332
2025-09-12,KEGN,9.47,547271
2025-09-15,KEGN,9.55,1302983
2025-09-16,KEGN,9.41,1773520
2025-09-17,KEGN,9.40,1326568
2025-09-18,KEGN,9.35,1043437
2025-09-19,KEGN,9.47,1420432
2025-09-22,KEGN,9.49,526846
2025-09-23,KEGN,9.47,2148928
2025-09-24,KEGN,9.45,2109422
2025-09-25,KEGN,9.60,569639
2025-09-26,KEGN,9.47,2131560
2025-09-29,KEGN,9.33,2730675
2025-09-30,KEGN,9.53,1678361
2025-10-01,KEGN,9.68,649283
2025-10-02,KEGN,9.58,1374638
2025-10-03,KEGN,9.57,684976
2025-10-06,KEGN,9.54,2176375
2025-10-07,KEGN,9.57,435976
2025-10-08,KEGN,9.62,804322
2025-10-09,KEGN,9.54,2573076
2025-10-10,KEGN,9.41,533388
2025-10-13,KEGN,9.58,167941
2025-10-14,KEGN,9.69,192680
2025-10-15,KEGN,9.56,1776770
2025-10-16,KEGN,9.54,1827869
2025-10-17,KEGN,9.72,2550010
2025-10-20,KEGN,9.67,1369196
2025-10-21,KEGN,9.89,1607113
2025-10-22,KEGN,9.76,619713
2025-10-23,KEGN,9.78,2723331
2025-10-24,KEGN,9.83,1949593
2025-10-27,KEGN,9.70,1031626
2025-10-28,KEGN,9.71,1835810
2025-10-29,KEGN,9.71,764581
2025-10-30,KEGN,9.61,1907387
2025-10-31,KEGN,9.46,993516
2025-11-03,KEGN,9.41,1977777
2025-11-04,KEGN,9.54,2590043
2025-11-05,KEGN,9.49,56523
2025-11-06,KEGN,9.50,290216
2025-11-07,KEGN,9.70,795107
2025-11-10,KEGN,9.61,1106201
2025-11-11,KEGN,9.78,2584477
2025-11-12,KEGN,9.72,1949244
2025-11-13,KEGN,9.86,2706991
2025-11-14,KEGN,10.07,2462976
2025-11-17,KEGN,10.14,87633
2025-11-18,KEGN,10.31,2628884
2025-11-19,KEGN,10.37,143575
2025-11-20,KEGN,10.34,197126
2025-11-21,KEGN,10.21,2100201
2025-11-24,KEGN,10.42,1979947
2025-11-25,KEGN,10.63,2887030
2025-11-26,KEGN,10.68,110755
2025-11-27,KEGN,10.61,81988
2025-11-28,KEGN,10.77,1085625
2025-12-01,KEGN,10.83,1279090
2025-12-02,KEGN,10.84,2816706
2025-12-03,KEGN,11.03,2453687
2025-12-04,KEGN,11.02,2391066
2025-12-05,KEGN,11.13,1180899
2025-12-08,KEGN,11.16,1966061
2025-12-09,KEGN,11.27,874456
2025-12-10,KEGN,11.30,2878607
2025-12-11,KEGN,11.40,2632720
2025-12-12,KEGN,11.64,2692507
2025-12-15,KEGN,11.75,490548
2025-12-16,KEGN,11.71,184682
2025-12-17,KEGN,11.83,799285
2025-12-18,KEGN,12.06,911357
2025-12-19,KEGN,12.08,307158
2025-12-22,KEGN,12.17,488002
2025-12-23,KEGN,11.97,1916843
2025-12-24,KEGN,11.98,2899359
2025-12-25,KEGN,12.22,2941362
2025-12-26,KEGN,12.34,1953000
2025-12-29,KEGN,12.22,1218156
2025-12-30,KEGN,12.49,1148432
2025-12-31,KEGN,12.33,2510237
2026-01-01,KEGN,12.19,2295532
2026-01-02,KEGN,12.07,1659464
2026-01-05,KEGN,11.96,1127287
2026-01-06,KEGN,11.97,1633133
2026-01-07,KEGN,11.78,60895
2026-01-08,KEGN,11.83,2505436
2026-01-09,KEGN,11.93,50542
2026-01-12,KEGN,11.94,1904234
2026-01-13,KEGN,12.16,240749
2026-01-14,KEGN,11.99,2147744
2026-01-15,KEGN,11.88,590171
2026-01-16,KEGN,12.01,2428733
2026-01-19,KEGN,12.18,1623609
2026-01-20,KEGN,12.20,213548
2026-01-21,KEGN,12.20,2938558
2026-01-22,KEGN,12.06,2649355
2026-01-23,KEGN,12.31,2802920
2026-01-26,KEGN,12.38,2295237
2026-01-27,KEGN,12.36,304621
2026-01-28,KEGN,12.47,2502266
2026-01-29,KEGN,12.64,357535
2026-01-30,KEGN,12.65,2073860
2026-02-02,KEGN,12.63,2313754
2026-02-03,KEGN,12.57,2261237
2026-02-04,KEGN,12.83,1538942
2026-02-05,KEGN,12.62,602517
2026-02-06,KEGN,12.53,2642773
2026-02-09,KEGN,12.39,1810998
2026-02-10,KEGN,12.59,1606939
2026-02-11,KEGN,12.59,1939239
2026-02-12,KEGN,12.50,2294121
2026-02-13,KEGN,12.70,1489734
2026-02-16,KEGN,12.60,2311160
2026-02-17,KEGN,12.53,1831148
2026-02-18,KEGN,12.48,1310957
2026-02-19,KEGN,12.43,2638229
2026-02-20,KEGN,12.55,2914988
2026-02-23,KEGN,12.47,2158134
2026-02-24,KEGN,12.34,2512288
2026-02-25,KEGN,12.18,319297
2026-02-26,KEGN,12.06,880833
2026-02-27,KEGN,12.05,2299258
2026-03-02,KEGN,11.97,1298416
2026-03-03,KEGN,11.91,1483268
2026-03-04,KEGN,11.92,1284854
2026-03-05,KEGN,12.07,876843
2026-03-06,KEGN,12.13,1289678
2026-03-09,KEGN,12.07,612589
2026-03-10,KEGN,11.88,970417
2026-03-11,KEGN,11.94,1900321
2026-03-12,KEGN,12.22,1433158
2026-03-13,KEGN,12.33,1827220
2026-03-16,KEGN,12.13,2184196
2026-03-17,KEGN,12.29,2157569
2026-03-18,KEGN,12.12,2268295
2026-03-19,KEGN,12.38,1820090
2026-03-20,KEGN,12.62,2670282
2026-03-23,KEGN,12.77,385731
2026-03-24,KEGN,12.57,2159312
2026-03-25,KEGN,12.52,1525437
2026-03-26,KEGN,12.66,852099
2026-03-27,KEGN,12.51,1842150
2026-03-30,KEGN,12.38,2915720
2026-03-31,KEGN,12.43,1645738
2026-04-01,KEGN,12.34,893027
2026-04-02,KEGN,12.17,2071820
2026-04-03,KEGN,12.38,2436007
2026-04-06,KEGN,12.20,328385
2026-04-07,KEGN,12.24,2217676
2026-04-08,KEGN,12.09,599026
2026-04-09,KEGN,11.96,2466545
2026-04-10,KEGN,12.13,1785428
2026-04-13,KEGN,12.27,1045600
2026-04-14,KEGN,12.20,1510187
2026-04-15,KEGN,12.14,2315453
2026-04-16,KEGN,12.05,1896873
2026-04-17,KEGN,12.12,2052606
2026-04-20,KEGN,12.22,658644
2026-04-21,KEGN,12.42,2178824
2026-04-22,KEGN,12.56,814368
2026-04-23,KEGN,12.71,1988656
2026-04-24,KEGN,12.82,2789881
2025-06-02,UMME,7.53,785096
2025-06-03,UMME,7.51,2974174
2025-06-04,UMME,7.48,72343
2025-06-05,UMME,7.61,449241
2025-06-06,UMME,7.51,2750998
2025-06-09,UMME,7.42,2389358
2025-06-10,UMME,7.58,2842635
2025-06-11,UMME,7.51,485550
2025-06-12,UMME,7.65,1178930
2025-06-13,UMME,7.69,1803529
2025-06-16,UMME,7.75,2436075
2025-06-17,UMME,7.73,112294
2025-06-18,UMME,7.70,396847
2025-06-19,UMME,7.69,1021694
2025-06-20,UMME,7.85,989790
2025-06-23,UMME,7.84,1431368
2025-06-24,UMME,7.87,602175
2025-06-25,UMME,7.91,1442564
2025-06-26,UMME,7.82,2660710
2025-06-27,UMME,7.71,2167102
2025-06-30,UMME,7.78,2157978
2025-07-01,UMME,7.71,391598
2025-07-02,UMME,7.73,1337187
2025-07-03,UMME,7.66,2552431
2025-07-04,UMME,7.75,2579519
2025-07-07,UMME,7.74,432230
2025-07-08,UMME,7.66,1924894
2025-07-09,UMME,7.55,2787702
2025-07-10,UMME,7.68,1521149
2025-07-11,UMME,7.58,712228
2025-07-14,UMME,7.69,2635240
2025-07-15,UMME,7.69,627569
2025-07-16,UMME,7.75,1938918
2025-07-17,UMME,7.67,333814
2025-07-18,UMME,7.68,1590559
2025-07-21,UMME,7.67,2735372
2025-07-22,UMME,7.59,2810562
2025-07-23,UMME,7.71,878397
2025-07-24,UMME,7.83,2540357
2025-07-25,UMME,7.87,344330
2025-07-28,UMME,7.90,2239569
2025-07-29,UMME,8.07,2243759
2025-07-30,UMME,7.93,1911182
2025-07-31,UMME,8.06,464550
2025-08-01,UMME,7.95,827799
2025-08-04,UMME,7.92,2099515
2025-08-05,UMME,7.78,554496
2025-08-06,UMME,7.78,1042545
2025-08-07,UMME,7.68,1155363
2025-08-08,UMME,7.57,2305647
2025-08-11,UMME,7.61,1764017
2025-08-12,UMME,7.52,2187123
2025-08-13,UMME,7.67,864870
2025-08-14,UMME,7.71,1495112
2025-08-15,UMME,7.84,618645
2025-08-18,UMME,7.76,2302804
2025-08-19,UMME,7.71,2577877
2025-08-20,UMME,7.77,299039
2025-08-21,UMME,7.88,1180644
2025-08-22,UMME,8.00,225960
2025-08-25,UMME,7.93,1286888
2025-08-26,UMME,8.06,1276469
2025-08-27,UMME,8.01,2629407
2025-08-28,UMME,8.12,540322
2025-08-29,UMME,8.00,2234725
2025-09-01,UMME,8.17,1516867
2025-09-02,UMME,8.24,881686
2025-09-03,UMME,8.42,1388463
2025-09-04,UMME,8.52,119932
2025-09-05,UMME,8.65,2701103
2025-09-08,UMME,8.57,730780
2025-09-09,UMME,8.57,1386231
2025-09-10,UMME,8.63,2946329
2025-09-11,UMME,8.70,1882341
2025-09-12,UMME,8.66,2748667
2025-09-15,UMME,8.61,1338498
2025-09-16,UMME,8.56,1941380
2025-09-17,UMME,8.48,1923479
2025-09-18,UMME,8.61,214326
2025-09-19,UMME,8.54,1800080
2025-09-22,UMME,8.50,707959
2025-09-23,UMME,8.61,2686826
2025-09-24,UMME,8.80,916401
2025-09-25,UMME,8.73,317274
2025-09-26,UMME,8.70,829597
2025-09-29,UMME,8.87,2194093
2025-09-30,UMME,8.98,2515139
2025-10-01,UMME,8.89,2101772
2025-10-02,UMME,8.92,2777935
2025-10-03,UMME,9.12,870553
2025-10-06,UMME,9.27,2757037
2025-10-07,UMME,9.15,2074436
2025-10-08,UMME,9.22,2675641
2025-10-09,UMME,9.07,2036297
2025-10-10,UMME,9.09,2683697
2025-10-13,UMME,9.18,2174607
2025-10-14,UMME,9.01,464390
2025-10-15,UMME,8.86,49927
2025-10-16,UMME,9.00,2075483
2025-10-17,UMME,9.11,2215939
2025-10-20,UMME,9.19,469310
2025-10-21,UMME,9.39,175920
2025-10-22,UMME,9.52,640352
2025-10-23,UMME,9.49,2765995
2025-10-24,UMME,9.51,440611
2025-10-27,UMME,9.43,1126101
2025-10-28,UMME,9.52,2049192
2025-10-29,UMME,9.61,499870
2025-10-30,UMME,9.76,1991079
2025-10-31,UMME,9.70,2833701
2025-11-03,UMME,9.56,2425737
2025-11-04,UMME,9.54,2326863
2025-11-05,UMME,9.48,932910
2025-11-06,UMME,9.38,2013766
2025-11-07,UMME,9.46,1498199
2025-11-10,UMME,9.56,2776616
2025-11-11,UMME,9.74,154463
2025-11-12,UMME,9.84,2975759
2025-11-13,UMME,10.04,913201
2025-11-14,UMME,10.16,2175228
2025-11-17,UMME,10.14,198728
2025-11-18,UMME,10.16,2085503
2025-11-19,UMME,10.18,1362983
2025-11-20,UMME,10.30,1940963
2025-11-21,UMME,10.39,1015138
2025-11-24,UMME,10.51,2399847
2025-11-25,UMME,10.37,59668
2025-11-26,UMME,10.50,2017331
2025-11-27,UMME,10.72,2010205
2025-11-28,UMME,10.68,2525232
2025-12-01,UMME,10.54,2514605
2025-12-02,UMME,10.60,2201292
2025-12-03,UMME,10.76,56439
2025-12-04,UMME,10.90,1614243
2025-12-05,UMME,11.10,819612
2025-12-08,UMME,11.11,2701717
2025-12-09,UMME,11.07,65909
2025-12-10,UMME,11.32,1118069
2025-12-11,UMME,11.17,2075981
2025-12-12,UMME,11.04,1089442
2025-12-15,UMME,11.04,2345440
2025-12-16,UMME,11.18,1391732
2025-12-17,UMME,11.07,2926323
2025-12-18,UMME,11.11,2012334
2025-12-19,UMME,11.30,518411
2025-12-22,UMME,11.38,508189
2025-12-23,UMME,11.26,449526
2025-12-24,UMME,11.44,891514
2025-12-25,UMME,11.35,2861386
2025-12-26,UMME,11.58,1708676
2025-12-29,UMME,11.52,2277998
2025-12-30,UMME,11.40,1277501
2025-12-31,UMME,11.61,2579038
2026-01-01,UMME,11.69,293673
2026-01-02,UMME,11.90,362493
2026-01-05,UMME,12.03,394472
2026-01-06,UMME,12.16,2935674
2026-01-07,UMME,12.22,996510
2026-01-08,UMME,12.07,1777827
2026-01-09,UMME,12.22,573855
2026-01-12,UMME,12.14,2154294
2026-01-13,UMME,11.98,959039
2026-01-14,UMME,12.19,1445020
2026-01-15,UMME,12.29,1989246
2026-01-16,UMME,12.16,2678892
2026-01-19,UMME,12.44,1579291
2026-01-20,UMME,12.40,2135009
2026-01-21,UMME,12.57,1316573
2026-01-22,UMME,12.63,2117258
2026-01-23,UMME,12.49,2543185
2026-01-26,UMME,12.63,357916
2026-01-27,UMME,12.78,712740
2026-01-28,UMME,12.76,824340
2026-01-29,UMME,12.99,2355456
2026-01-30,UMME,12.78,2753202
2026-02-02,UMME,13.06,2233425
2026-02-03,UMME,13.33,566263
2026-02-04,UMME,13.42,2061537
2026-02-05,UMME,13.37,1574689
2026-02-06,UMME,13.30,1619805
2026-02-09,UMME,13.25,728266
2026-02-10,UMME,13.24,2344571
2026-02-11,UMME,13.17,2466501
2026-02-12,UMME,13.12,863534
2026-02-13,UMME,13.16,2681081
2026-02-16,UMME,13.27,1917402
2026-02-17,UMME,13.45,468701
2026-02-18,UMME,13.38,918609
2026-02-19,UMME,13.65,2881735
2026-02-20,UMME,13.48,2462344
2026-02-23,UMME,13.36,508374
2026-02-24,UMME,13.17,1994060
2026-02-25,UMME,12.96,2493327
2026-02-26,UMME,13.01,1295217
2026-02-27,UMME,13.11,1194741
2026-03-02,UMME,13.03,2076528
2026-03-03,UMME,12.81,1489786
2026-03-04,UMME,13.03,1547960
2026-03-05,UMME,13.01,2638299
2026-03-06,UMME,13.18,208512
2026-03-09,UMME,13.02,1964445
2026-03-10,UMME,13.15,2851483
2026-03-11,UMME,13.39,90457
2026-03-12,UMME,13.60,2327807
2026-03-13,UMME,13.53,1157799
2026-03-16,UMME,13.55,2669066
2026-03-17,UMME,13.46,1604231
2026-03-18,UMME,13.60,2230659
2026-03-19,UMME,13.85,2037101
2026-03-20,UMME,13.98,183681
2026-03-23,UMME,13.91,2466032
2026-03-24,UMME,14.20,325102
2026-03-25,UMME,14.10,289552
2026-03-26,UMME,14.24,1262457
2026-03-27,UMME,14.48,840568
2026-03-30,UMME,14.33,1064144
2026-03-31,UMME,14.21,71213
2026-04-01,UMME,14.39,995970
2026-04-02,UMME,14.53,1796376
2026-04-03,UMME,14.58,2107354
2026-04-06,UMME,14.85,1335246
2026-04-07,UMME,15.08,1359205
2026-04-08,UMME,15.14,962363
2026-04-09,UMME,15.05,1674931
2026-04-10,UMME,15.27,2390806
2026-04-13,UMME,15.30,1957101
2026-04-14,UMME,15.40,2392102
2026-04-15,UMME,15.15,1933654
2026-04-16,UMME,15.05,1849940
2026-04-17,UMME,15.18,2597513
2026-04-20,UMME,15.07,1772102
2026-04-21,UMME,15.38,2644312
2026-04-22,UMME,15.62,1212256
2026-04-23,UMME,15.51,1884116
2026-04-24,UMME,15.70,2673049
2025-06-02,DTK,76.57,2697429
2025-06-03,DTK,76.92,2151007
2025-06-04,DTK,77.25,1175727
2025-06-05,DTK,78.42,2209070
2025-06-06,DTK,77.59,312297
2025-06-09,DTK,78.19,2009863
2025-06-10,DTK,78.87,2425801
2025-06-11,DTK,80.34,1681993
2025-06-12,DTK,80.89,131117
2025-06-13,DTK,82.45,2491182
2025-06-16,DTK,82.73,2861633
2025-06-17,DTK,81.70,419476
2025-06-18,DTK,81.26,1368348
2025-06-19,DTK,80.53,695113
2025-06-20,DTK,81.82,834914
2025-06-23,DTK,81.87,2338538
2025-06-24,DTK,83.13,1599231
2025-06-25,DTK,81.78,414211
2025-06-26,DTK,80.89,318810
2025-06-27,DTK,82.59,2735000
2025-06-30,DTK,81.75,1489785
2025-07-01,DTK,82.74,958618
2025-07-02,DTK,81.90,1923514
2025-07-03,DTK,80.97,2746564
2025-07-04,DTK,81.41,118009
2025-07-07,DTK,81.33,1417964
2025-07-08,DTK,81.66,2832462
2025-07-09,DTK,81.96,203267
2025-07-10,DTK,82.37,2748297
2025-07-11,DTK,81.06,86846
2025-07-14,DTK,82.21,1464539
2025-07-15,DTK,81.06,2246518
2025-07-16,DTK,80.95,2633634
2025-07-17,DTK,81.96,669638
2025-07-18,DTK,83.69,2670007
2025-07-21,DTK,82.84,2815260
2025-07-22,DTK,83.35,1192456
2025-07-23,DTK,83.71,2469302
2025-07-24,DTK,83.85,2761479
2025-07-25,DTK,85.66,2194921
2025-07-28,DTK,84.93,1288472
2025-07-29,DTK,84.56,1589535
2025-07-30,DTK,84.38,287697
2025-07-31,DTK,86.13,761391
2025-08-01,DTK,86.74,507393
2025-08-04,DTK,85.78,2672569
2025-08-05,DTK,84.52,147119
2025-08-06,DTK,83.23,285797
2025-08-07,DTK,82.80,709267
2025-08-08,DTK,84.08,2050049
2025-08-11,DTK,83.43,2735861
2025-08-12,DTK,82.31,1695037
2025-08-13,DTK,83.63,577045
2025-08-14,DTK,84.73,2952625
2025-08-15,DTK,85.87,1201947
2025-08-18,DTK,86.04,1509242
2025-08-19,DTK,85.09,771062
2025-08-20,DTK,86.15,2277710
2025-08-21,DTK,86.26,1703610
2025-08-22,DTK,87.21,1919118
2025-08-25,DTK,86.82,878014
2025-08-26,DTK,87.75,708599
2025-08-27,DTK,87.90,2453340
2025-08-28,DTK,87.24,431191
2025-08-29,DTK,86.86,2552091
2025-09-01,DTK,86.13,486441
2025-09-02,DTK,86.05,1299491
2025-09-03,DTK,84.72,1425828
2025-09-04,DTK,84.15,897323
2025-09-05,DTK,83.81,1189337
2025-09-08,DTK,85.45,1665474
2025-09-09,DTK,84.30,528162
2025-09-10,DTK,85.05,2323363
2025-09-11,DTK,84.16,536926
2025-09-12,DTK,82.96,2060809
2025-09-15,DTK,82.79,1677647
2025-09-16,DTK,82.06,1310431
2025-09-17,DTK,83.02,433150
2025-09-18,DTK,84.73,2865812
2025-09-19,DTK,84.16,1751111
2025-09-22,DTK,85.44,600006
2025-09-23,DTK,86.98,1081799
2025-09-24,DTK,87.48,862605
2025-09-25,DTK,88.25,1034320
2025-09-26,DTK,88.42,2048282
2025-09-29,DTK,89.40,1886317
2025-09-30,DTK,88.36,77052
2025-10-01,DTK,90.35,693019
2025-10-02,DTK,90.80,2945538
2025-10-03,DTK,89.77,2148907
2025-10-06,DTK,89.49,476579
2025-10-07,DTK,89.49,1962795
2025-10-08,DTK,89.57,2547655
2025-10-09,DTK,88.72,1392643
2025-10-10,DTK,88.80,2615419
2025-10-13,DTK,89.82,1702821
2025-10-14,DTK,88.75,179715
2025-10-15,DTK,89.91,2261339
2025-10-16,DTK,90.79,1938617
2025-10-17,DTK,92.86,1174286
2025-10-20,DTK,91.71,2158494
2025-10-21,DTK,93.75,1264930
2025-10-22,DTK,92.91,2976202
2025-10-23,DTK,93.28,2015271
2025-10-24,DTK,93.35,2769801
2025-10-27,DTK,94.16,2493365
2025-10-28,DTK,95.47,1011189
2025-10-29,DTK,94.23,1602445
2025-10-30,DTK,93.42,2218324
2025-10-31,DTK,95.53,1829207
2025-11-03,DTK,95.69,405191
2025-11-04,DTK,97.59,2355061
2025-11-05,DTK,97.22,2224832
2025-11-06,DTK,96.24,344592
2025-11-07,DTK,95.00,2875656
2025-11-10,DTK,95.63,1532813
2025-11-11,DTK,94.45,2063726
2025-11-12,DTK,93.18,1356612
2025-11-13,DTK,91.74,1366936
2025-11-14,DTK,91.96,2698164
2025-11-17,DTK,90.90,2978035
2025-11-18,DTK,91.52,1586122
2025-11-19,DTK,91.78,2549089
2025-11-20,DTK,92.18,2550637
2025-11-21,DTK,94.28,1105920
2025-11-24,DTK,96.25,82063
2025-11-25,DTK,97.67,1081679
2025-11-26,DTK,97.05,2696935
2025-11-27,DTK,97.87,2297530
2025-11-28,DTK,96.81,1355704
2025-12-01,DTK,98.69,2564528
2025-12-02,DTK,98.55,922326
2025-12-03,DTK,97.19,1115484
2025-12-04,DTK,96.67,2214342
2025-12-05,DTK,95.31,2031560
2025-12-08,DTK,96.91,2774484
2025-12-09,DTK,95.36,1962452
2025-12-10,DTK,96.55,831543
2025-12-11,DTK,95.57,1101599
2025-12-12,DTK,95.87,1105854
2025-12-15,DTK,94.94,310020
2025-12-16,DTK,93.57,2417441
2025-12-17,DTK,94.10,2721934
2025-12-18,DTK,93.55,1773160
2025-12-19,DTK,94.62,496785
2025-12-22,DTK,96.20,2098944
2025-12-23,DTK,97.17,1828011
2025-12-24,DTK,97.54,1025994
2025-12-25,DTK,96.06,1675914
2025-12-26,DTK,98.18,2952227
2025-12-29,DTK,96.58,972212
2025-12-30,DTK,96.23,115483
2025-12-31,DTK,96.54,678086
2026-01-01,DTK,96.63,1954658
2026-01-02,DTK,95.44,1483282
2026-01-05,DTK,94.59,282084
2026-01-06,DTK,95.92,1829690
2026-01-07,DTK,94.54,1816429
2026-01-08,DTK,95.02,2197748
2026-01-09,DTK,93.54,2461865
2026-01-12,DTK,94.75,2633241
2026-01-13,DTK,93.57,96583
2026-01-14,DTK,92.14,1225636
2026-01-15,DTK,92.13,589161
2026-01-16,DTK,93.93,2447316
2026-01-19,DTK,93.57,1068764
2026-01-20,DTK,92.10,2666738
2026-01-21,DTK,92.12,1658742
2026-01-22,DTK,91.08,934442
2026-01-23,DTK,91.09,218433
2026-01-26,DTK,89.81,1886536
2026-01-27,DTK,88.34,185480
2026-01-28,DTK,87.90,1769673
2026-01-29,DTK,88.98,1457041
2026-01-30,DTK,89.96,1695831
2026-02-02,DTK,90.10,2192552
2026-02-03,DTK,90.70,530067
2026-02-04,DTK,91.09,80732
2026-02-05,DTK,89.94,2846799
2026-02-06,DTK,89.47,289736
2026-02-09,DTK,90.38,582108
2026-02-10,DTK,92.20,2610970
2026-02-11,DTK,91.87,352375
2026-02-12,DTK,92.29,694050
2026-02-13,DTK,91.72,2904515
2026-02-16,DTK,90.75,50332
2026-02-17,DTK,91.88,2467797
2026-02-18,DTK,93.06,1829879
2026-02-19,DTK,92.28,2956234
2026-02-20,DTK,94.14,383648
2026-02-23,DTK,93.42,836616
2026-02-24,DTK,94.35,374142
2026-02-25,DTK,96.29,517903
2026-02-26,DTK,95.06,2541822
2026-02-27,DTK,95.26,2594536
2026-03-02,DTK,96.02,1894699
2026-03-03,DTK,96.21,1963392
2026-03-04,DTK,95.76,757126
2026-03-05,DTK,94.74,219633
2026-03-06,DTK,94.05,1881841
2026-03-09,DTK,93.60,1890450
2026-03-10,DTK,95.11,2697352
2026-03-11,DTK,93.62,2586995
2026-03-12,DTK,94.83,1799212
2026-03-13,DTK,95.50,2258471
2026-03-16,DTK,97.00,856220
2026-03-17,DTK,98.49,1854452
2026-03-18,DTK,96.96,2559854
2026-03-19,DTK,95.91,1525219
2026-03-20,DTK,95.09,522209
2026-03-23,DTK,93.95,257237
2026-03-24,DTK,93.30,1422379
2026-03-25,DTK,94.63,2215788
2026-03-26,DTK,96.53,349825
2026-03-27,DTK,95.23,1400888
2026-03-30,DTK,94.85,583983
2026-03-31,DTK,96.58,801318
2026-04-01,DTK,96.75,2922293
2026-04-02,DTK,95.38,1443324
2026-04-03,DTK,95.00,1741729
2026-04-06,DTK,95.47,1451593
2026-04-07,DTK,95.19,726813
2026-04-08,DTK,96.56,2528081
2026-04-09,DTK,97.69,1831145
2026-04-10,DTK,96.13,409266
2026-04-13,DTK,96.63,274961
2026-04-14,DTK,95.97,607889
2026-04-15,DTK,95.41,175703
2026-04-16,DTK,95.65,1113076
2026-04-17,DTK,96.35,2711386
2026-04-20,DTK,98.00,2950216
2026-04-21,DTK,99.98,1306864
2026-04-22,DTK,99.12,872668
2026-04-23,DTK,97.69,2291050
2026-04-24,DTK,96.92,118641
2025-06-02,SCBK,269.03,1079762
2025-06-03,SCBK,269.05,2589193
2025-06-04,SCBK,269.54,2377471
2025-06-05,SCBK,274.74,1634704
2025-06-06,SCBK,272.97,1838838
2025-06-09,SCBK,273.84,1594712
2025-06-10,SCBK,273.17,2293257
2025-06-11,SCBK,269.89,831411
2025-06-12,SCBK,270.30,2471786
2025-06-13,SCBK,275.23,543733
2025-06-16,SCBK,275.91,1384123
2025-06-17,SCBK,276.94,794749
2025-06-18,SCBK,273.22,2385339
2025-06-19,SCBK,275.28,2478165
2025-06-20,SCBK,280.02,1622300
2025-06-23,SCBK,283.63,2828776
2025-06-24,SCBK,279.79,2895645
2025-06-25,SCBK,284.64,1418365
2025-06-26,SCBK,288.17,1169116
2025-06-27,SCBK,288.57,2266460
2025-06-30,SCBK,293.63,2418212
2025-07-01,SCBK,300.40,302495
2025-07-02,SCBK,306.71,983903
2025-07-03,SCBK,309.38,2833379
2025-07-04,SCBK,311.64,1439382
2025-07-07,SCBK,315.83,1140395
2025-07-08,SCBK,310.72,656347
2025-07-09,SCBK,306.86,1528471
2025-07-10,SCBK,306.90,1072205
2025-07-11,SCBK,304.13,2863461
2025-07-14,SCBK,304.70,1763071
2025-07-15,SCBK,304.96,2658891
2025-07-16,SCBK,300.82,728195
2025-07-17,SCBK,302.66,2814499
2025-07-18,SCBK,304.18,2540624
2025-07-21,SCBK,305.13,2294382
2025-07-22,SCBK,308.64,1291070
2025-07-23,SCBK,305.59,992925
2025-07-24,SCBK,306.81,1929822
2025-07-25,SCBK,302.40,2039785
2025-07-28,SCBK,305.18,926424
2025-07-29,SCBK,305.16,631754
2025-07-30,SCBK,302.57,845048
2025-07-31,SCBK,303.10,683010
2025-08-01,SCBK,304.29,1224293
2025-08-04,SCBK,299.51,2564693
2025-08-05,SCBK,304.40,157300
2025-08-06,SCBK,300.28,2390640
2025-08-07,SCBK,303.47,1785060
2025-08-08,SCBK,309.24,2554969
2025-08-11,SCBK,307.43,2582027
2025-08-12,SCBK,304.58,810131
2025-08-13,SCBK,300.26,432369
2025-08-14,SCBK,299.11,189941
2025-08-15,SCBK,305.73,1670014
2025-08-18,SCBK,302.12,281855
2025-08-19,SCBK,306.74,2304024
2025-08-20,SCBK,311.01,2484088
2025-08-21,SCBK,311.77,2726228
2025-08-22,SCBK,314.27,1446647
2025-08-25,SCBK,320.46,1165549
2025-08-26,SCBK,326.22,1883932
2025-08-27,SCBK,332.85,1028541
2025-08-28,SCBK,335.83,1341024
2025-08-29,SCBK,331.20,1172980
2025-09-01,SCBK,326.52,2389287
2025-09-02,SCBK,329.03,1850747
2025-09-03,SCBK,331.99,130139
2025-09-04,SCBK,327.91,2007178
2025-09-05,SCBK,328.30,2720590
2025-09-08,SCBK,332.31,1918869
2025-09-09,SCBK,337.59,196166
2025-09-10,SCBK,342.64,357063
2025-09-11,SCBK,349.12,269043
2025-09-12,SCBK,355.53,679478
2025-09-15,SCBK,362.43,2385351
2025-09-16,SCBK,361.13,1042256
2025-09-17,SCBK,356.08,868748
2025-09-18,SCBK,353.89,1873519
2025-09-19,SCBK,349.91,971992
2025-09-22,SCBK,348.15,2870273
2025-09-23,SCBK,348.30,1147656
2025-09-24,SCBK,345.19,2695876
2025-09-25,SCBK,344.05,407090
2025-09-26,SCBK,342.39,2791935
2025-09-29,SCBK,346.20,314489
2025-09-30,SCBK,341.37,2983843
2025-10-01,SCBK,348.52,466765
2025-10-02,SCBK,344.66,1765268
2025-10-03,SCBK,347.41,444765
2025-10-06,SCBK,350.84,1948164
2025-10-07,SCBK,356.26,1786488
2025-10-08,SCBK,362.56,96983
2025-10-09,SCBK,360.96,1373840
2025-10-10,SCBK,356.38,2825289
2025-10-13,SCBK,355.28,746476
2025-10-14,SCBK,349.85,2364764
2025-10-15,SCBK,344.20,997183
2025-10-16,SCBK,340.32,992932
2025-10-17,SCBK,341.44,1890260
2025-10-20,SCBK,335.93,2159832
2025-10-21,SCBK,338.77,2195191
2025-10-22,SCBK,339.35,1218161
2025-10-23,SCBK,345.99,770063
2025-10-24,SCBK,342.21,1429872
2025-10-27,SCBK,340.37,1356425
2025-10-28,SCBK,347.77,2730078
2025-10-29,SCBK,352.33,725001
2025-10-30,SCBK,358.59,2002868
2025-10-31,SCBK,362.89,2828643
2025-11-03,SCBK,362.36,2761746
2025-11-04,SCBK,368.93,1345723
2025-11-05,SCBK,372.44,2943392
2025-11-06,SCBK,379.78,1383787
2025-11-07,SCBK,386.77,1911050
2025-11-10,SCBK,388.66,1556086
2025-11-11,SCBK,396.53,1252332
2025-11-12,SCBK,398.78,1841174
2025-11-13,SCBK,400.74,1128886
2025-11-14,SCBK,398.91,2161722
2025-11-17,SCBK,397.65,2644464
2025-11-18,SCBK,392.95,1645450
2025-11-19,SCBK,401.82,872823
2025-11-20,SCBK,409.13,2842833
2025-11-21,SCBK,403.91,2703748
2025-11-24,SCBK,401.61,2567016
2025-11-25,SCBK,409.25,1827282
2025-11-26,SCBK,409.47,1921791
2025-11-27,SCBK,415.54,762179
2025-11-28,SCBK,411.71,389929
2025-12-01,SCBK,409.05,1763792
2025-12-02,SCBK,410.41,2551065
2025-12-03,SCBK,413.76,1105574
2025-12-04,SCBK,407.84,2277569
2025-12-05,SCBK,401.78,550216
2025-12-08,SCBK,396.03,1212123
2025-12-09,SCBK,403.86,314625
2025-12-10,SCBK,403.43,2414308
2025-12-11,SCBK,401.72,2365973
2025-12-12,SCBK,407.27,1258318
2025-12-15,SCBK,400.42,1004566
2025-12-16,SCBK,405.11,1898279
2025-12-17,SCBK,402.88,1242161
2025-12-18,SCBK,399.49,1299557
2025-12-19,SCBK,398.50,1542633
2025-12-22,SCBK,400.77,1357439
2025-12-23,SCBK,399.49,886633
2025-12-24,SCBK,407.04,542561
2025-12-25,SCBK,409.71,1554776
2025-12-26,SCBK,408.83,151403
2025-12-29,SCBK,416.40,516124
2025-12-30,SCBK,419.24,738727
2025-12-31,SCBK,415.47,597366
2026-01-01,SCBK,423.85,686749
2026-01-02,SCBK,430.42,229215
2026-01-05,SCBK,439.04,2711690
2026-01-06,SCBK,432.32,2232693
2026-01-07,SCBK,439.16,1062026
2026-01-08,SCBK,443.47,1105627
2026-01-09,SCBK,452.84,616978
2026-01-12,SCBK,450.20,822861
2026-01-13,SCBK,456.21,877795
2026-01-14,SCBK,452.74,497846
2026-01-15,SCBK,458.64,404238
2026-01-16,SCBK,458.16,2535047
2026-01-19,SCBK,468.71,241830
2026-01-20,SCBK,469.72,1565739
2026-01-21,SCBK,474.21,2492997
2026-01-22,SCBK,479.15,1003220
2026-01-23,SCBK,484.80,2465393
2026-01-26,SCBK,492.18,1029994
2026-01-27,SCBK,498.63,519784
2026-01-28,SCBK,490.86,2208163
2026-01-29,SCBK,492.05,190732
2026-01-30,SCBK,499.89,543067
2026-02-02,SCBK,492.30,2825851
2026-02-03,SCBK,497.24,966588
2026-02-04,SCBK,500.65,1364045
2026-02-05,SCBK,499.02,1095868
2026-02-06,SCBK,501.31,582968
2026-02-09,SCBK,494.71,130463
2026-02-10,SCBK,505.42,116866
2026-02-11,SCBK,497.30,171963
2026-02-12,SCBK,503.98,2621455
2026-02-13,SCBK,500.74,551118
2026-02-16,SCBK,511.74,356392
2026-02-17,SCBK,504.23,2468584
2026-02-18,SCBK,511.14,1957622
2026-02-19,SCBK,508.59,1292951
2026-02-20,SCBK,502.94,810445
2026-02-23,SCBK,513.59,2545265
2026-02-24,SCBK,520.73,2078076
2026-02-25,SCBK,516.85,233705
2026-02-26,SCBK,514.41,2142813
2026-02-27,SCBK,509.11,1401891
2026-03-02,SCBK,514.91,1488936
2026-03-03,SCBK,520.95,474285
2026-03-04,SCBK,517.66,2020277
2026-03-05,SCBK,518.65,1768306
2026-03-06,SCBK,510.08,497653
2026-03-09,SCBK,514.33,515073
2026-03-10,SCBK,506.69,473514
2026-03-11,SCBK,498.31,765034
2026-03-12,SCBK,509.16,2896085
2026-03-13,SCBK,508.46,425261
2026-03-16,SCBK,505.73,1101862
2026-03-17,SCBK,517.04,2448085
2026-03-18,SCBK,522.24,2939964
2026-03-19,SCBK,520.82,2031398
2026-03-20,SCBK,513.44,2672784
2026-03-23,SCBK,521.92,1598462
2026-03-24,SCBK,532.06,913926
2026-03-25,SCBK,530.69,1769995
2026-03-26,SCBK,529.43,1646569
2026-03-27,SCBK,538.19,2785090
2026-03-30,SCBK,547.85,2526296
2026-03-31,SCBK,545.60,2568421
2026-04-01,SCBK,557.52,2984022
2026-04-02,SCBK,563.10,2923683
2026-04-03,SCBK,563.15,1048908
2026-04-06,SCBK,556.14,2330197
2026-04-07,SCBK,560.77,173017
2026-04-08,SCBK,562.08,143651
2026-04-09,SCBK,573.68,967965
2026-04-10,SCBK,566.25,1262852
2026-04-13,SCBK,569.21,1479801
2026-04-14,SCBK,581.72,1862103
2026-04-15,SCBK,591.52,2292500
2026-04-16,SCBK,594.65,1419059
2026-04-17,SCBK,596.07,2606959
2026-04-20,SCBK,595.03,1745692
2026-04-21,SCBK,602.75,2876290
2026-04-22,SCBK,596.46,2086424
2026-04-23,SCBK,590.07,141837
2026-04-24,SCBK,602.40,2789510
2025-06-02,BRIT,6.90,1169978
2025-06-03,BRIT,6.91,920048
2025-06-04,BRIT,6.94,172208
2025-06-05,BRIT,6.91,2078707
2025-06-06,BRIT,6.91,2056734
2025-06-09,BRIT,6.97,2898642
2025-06-10,BRIT,7.07,695253
2025-06-11,BRIT,6.97,2544413
2025-06-12,BRIT,6.97,2655004
2025-06-13,BRIT,7.04,1436296
2025-06-16,BRIT,7.05,1714504
2025-06-17,BRIT,6.98,737184
2025-06-18,BRIT,7.02,125495
2025-06-19,BRIT,6.94,1708997
2025-06-20,BRIT,6.83,1494415
2025-06-23,BRIT,6.71,209379
2025-06-24,BRIT,6.59,2684395
2025-06-25,BRIT,6.49,185664
2025-06-26,BRIT,6.47,46968
2025-06-27,BRIT,6.47,1820272
2025-06-30,BRIT,6.55,2494262
2025-07-01,BRIT,6.48,2903514
2025-07-02,BRIT,6.48,1851040
2025-07-03,BRIT,6.41,1724203
2025-07-04,BRIT,6.55,2923506
2025-07-07,BRIT,6.65,634451
2025-07-08,BRIT,6.54,2886084
2025-07-09,BRIT,6.55,1842482
2025-07-10,BRIT,6.68,2776206
2025-07-11,BRIT,6.81,1019793
2025-07-14,BRIT,6.89,1019497
2025-07-15,BRIT,6.80,448685
2025-07-16,BRIT,6.90,1049605
2025-07-17,BRIT,6.89,81559
2025-07-18,BRIT,6.95,2179091
2025-07-21,BRIT,6.89,1683712
2025-07-22,BRIT,7.00,786822
2025-07-23,BRIT,7.05,2281205
2025-07-24,BRIT,7.10,2081680
2025-07-25,BRIT,7.06,161047
2025-07-28,BRIT,6.94,387005
2025-07-29,BRIT,6.95,354167
2025-07-30,BRIT,6.86,2004281
2025-07-31,BRIT,6.75,797311
2025-08-01,BRIT,6.73,1725832
2025-08-04,BRIT,6.69,2245306
2025-08-05,BRIT,6.61,2703263
2025-08-06,BRIT,6.75,1731066
2025-08-07,BRIT,6.84,1955800
2025-08-08,BRIT,6.71,1883959
2025-08-11,BRIT,6.72,1659832
2025-08-12,BRIT,6.84,1659309
2025-08-13,BRIT,6.91,2061680
2025-08-14,BRIT,6.81,911276
2025-08-15,BRIT,6.89,124820
2025-08-18,BRIT,6.91,1834037
2025-08-19,BRIT,6.96,2406900
2025-08-20,BRIT,6.84,2829886
2025-08-21,BRIT,6.93,1432406
2025-08-22,BRIT,7.04,766408
2025-08-25,BRIT,7.01,2224167
2025-08-26,BRIT,7.13,1651223
2025-08-27,BRIT,7.12,2244062
2025-08-28,BRIT,7.22,1917113
2025-08-29,BRIT,7.21,2168452
2025-09-01,BRIT,7.23,2616250
2025-09-02,BRIT,7.12,335742
2025-09-03,BRIT,7.26,291559
2025-09-04,BRIT,7.20,2147265
2025-09-05,BRIT,7.22,2149257
2025-09-08,BRIT,7.11,2334571
2025-09-09,BRIT,7.25,2898899
2025-09-10,BRIT,7.14,2832802
2025-09-11,BRIT,7.23,2667317
2025-09-12,BRIT,7.32,894514
2025-09-15,BRIT,7.46,1954618
2025-09-16,BRIT,7.49,1703244
2025-09-17,BRIT,7.38,2222716
2025-09-18,BRIT,7.31,1497254
2025-09-19,BRIT,7.19,472919
2025-09-22,BRIT,7.10,1457439
2025-09-23,BRIT,7.00,1437554
2025-09-24,BRIT,7.08,859854
2025-09-25,BRIT,7.10,1483515
2025-09-26,BRIT,7.12,1835756
2025-09-29,BRIT,7.24,869117
2025-09-30,BRIT,7.21,639213
2025-10-01,BRIT,7.08,118230
2025-10-02,BRIT,7.05,978886
2025-10-03,BRIT,7.07,1083474
2025-10-06,BRIT,6.97,2199404
2025-10-07,BRIT,6.99,942317
2025-10-08,BRIT,6.89,2416649
2025-10-09,BRIT,7.02,2633655
2025-10-10,BRIT,6.89,1840213
2025-10-13,BRIT,6.92,2947232
2025-10-14,BRIT,6.97,2774234
2025-10-15,BRIT,7.02,1169333
2025-10-16,BRIT,7.03,2366689
2025-10-17,BRIT,7.18,2116198
2025-10-20,BRIT,7.28,55309
2025-10-21,BRIT,7.16,2179095
2025-10-22,BRIT,7.10,1182738
2025-10-23,BRIT,7.18,520761
2025-10-24,BRIT,7.05,163076
2025-10-27,BRIT,6.95,340493
2025-10-28,BRIT,7.00,549625
2025-10-29,BRIT,7.13,1320545
2025-10-30,BRIT,7.04,2690894
2025-10-31,BRIT,6.91,1966992
2025-11-03,BRIT,7.06,2327255
2025-11-04,BRIT,7.14,1099683
2025-11-05,BRIT,7.06,2059324
2025-11-06,BRIT,6.98,1126269
2025-11-07,BRIT,7.07,2386962
2025-11-10,BRIT,7.15,208377
2025-11-11,BRIT,7.05,2135328
2025-11-12,BRIT,7.15,1129237
2025-11-13,BRIT,7.04,2780408
2025-11-14,BRIT,7.00,982652
2025-11-17,BRIT,6.90,1108810
2025-11-18,BRIT,6.90,535569
2025-11-19,BRIT,7.03,1638129
2025-11-20,BRIT,7.13,211121
2025-11-21,BRIT,7.25,527950
2025-11-24,BRIT,7.23,1973554
2025-11-25,BRIT,7.25,2788252
2025-11-26,BRIT,7.16,2436911
2025-11-27,BRIT,7.28,2393755
2025-11-28,BRIT,7.41,2530603
2025-12-01,BRIT,7.52,1617189
2025-12-02,BRIT,7.55,388770
2025-12-03,BRIT,7.60,142835
2025-12-04,BRIT,7.48,2377665
2025-12-05,BRIT,7.61,865867
2025-12-08,BRIT,7.70,2228064
2025-12-09,BRIT,7.86,66171
2025-12-10,BRIT,7.88,916259
2025-12-11,BRIT,7.74,2456855
2025-12-12,BRIT,7.90,507226
2025-12-15,BRIT,8.04,1156493
2025-12-16,BRIT,8.14,1985351
2025-12-17,BRIT,8.28,1774302
2025-12-18,BRIT,8.22,1395673
2025-12-19,BRIT,8.13,235131
2025-12-22,BRIT,8.08,1195994
2025-12-23,BRIT,7.94,580128
2025-12-24,BRIT,8.04,1244104
2025-12-25,BRIT,8.08,237586
2025-12-26,BRIT,7.97,1427645
2025-12-29,BRIT,8.02,2048327
2025-12-30,BRIT,8.09,1298678
2025-12-31,BRIT,8.20,2188315
2026-01-01,BRIT,8.20,2439069
2026-01-02,BRIT,8.26,556571
2026-01-05,BRIT,8.41,2302080
2026-01-06,BRIT,8.27,2879973
2026-01-07,BRIT,8.20,1191904
2026-01-08,BRIT,8.15,2329254
2026-01-09,BRIT,8.01,245794
2026-01-12,BRIT,8.11,2147113
2026-01-13,BRIT,8.27,1545120
2026-01-14,BRIT,8.15,66617
2026-01-15,BRIT,8.21,528990
2026-01-16,BRIT,8.31,126936
2026-01-19,BRIT,8.49,603284
2026-01-20,BRIT,8.42,881035
2026-01-21,BRIT,8.49,749972
2026-01-22,BRIT,8.35,2637641
2026-01-23,BRIT,8.44,2141974
2026-01-26,BRIT,8.45,1279402
2026-01-27,BRIT,8.47,685985
2026-01-28,BRIT,8.62,2667530
2026-01-29,BRIT,8.51,852747
2026-01-30,BRIT,8.41,1165521
2026-02-02,BRIT,8.33,2460100
2026-02-03,BRIT,8.37,1355833
2026-02-04,BRIT,8.33,955572
2026-02-05,BRIT,8.34,508659
2026-02-06,BRIT,8.39,1195721
2026-02-09,BRIT,8.53,2472649
2026-02-10,BRIT,8.71,1130541
2026-02-11,BRIT,8.87,1760211
2026-02-12,BRIT,9.03,1849353
2026-02-13,BRIT,9.07,1299592
2026-02-16,BRIT,9.15,1384081
2026-02-17,BRIT,8.98,1091086
2026-02-18,BRIT,8.83,1530305
2026-02-19,BRIT,8.96,2731320
2026-02-20,BRIT,8.87,43981
2026-02-23,BRIT,8.90,1317876
2026-02-24,BRIT,9.08,1048855
2026-02-25,BRIT,9.18,1723052
2026-02-26,BRIT,9.25,2130131
2026-02-27,BRIT,9.16,1339003
2026-03-02,BRIT,9.15,2757625
2026-03-03,BRIT,9.08,2915996
2026-03-04,BRIT,9.12,677484
2026-03-05,BRIT,9.15,1263811
2026-03-06,BRIT,8.99,2087156
2026-03-09,BRIT,8.83,2508269
2026-03-10,BRIT,8.80,144810
2026-03-11,BRIT,8.92,1300572
2026-03-12,BRIT,8.90,2313806
2026-03-13,BRIT,8.94,1346154
2026-03-16,BRIT,8.98,1505333
2026-03-17,BRIT,8.93,2368994
2026-03-18,BRIT,9.08,2345439
2026-03-19,BRIT,9.02,336751
2026-03-20,BRIT,9.11,2497487
2026-03-23,BRIT,8.98,1870114
2026-03-24,BRIT,9.05,1751699
2026-03-25,BRIT,9.21,854306
2026-03-26,BRIT,9.10,2712208
2026-03-27,BRIT,9.23,1034063
2026-03-30,BRIT,9.13,2001724
2026-03-31,BRIT,9.12,2899603
2026-04-01,BRIT,9.21,2746159
2026-04-02,BRIT,9.38,2864645
2026-04-03,BRIT,9.31,2704631
2026-04-06,BRIT,9.36,274535
2026-04-07,BRIT,9.27,882503
2026-04-08,BRIT,9.45,2892265
2026-04-09,BRIT,9.52,144680
2026-04-10,BRIT,9.52,2610779
2026-04-13,BRIT,9.52,1864872
2026-04-14,BRIT,9.36,2062555
2026-04-15,BRIT,9.50,1860626
2026-04-16,BRIT,9.43,104487
2026-04-17,BRIT,9.27,887307
2026-04-20,BRIT,9.45,1608011
2026-04-21,BRIT,9.35,2927901
2026-04-22,BRIT,9.40,2003341
2026-04-23,BRIT,9.46,2955262
2026-04-24,BRIT,9.57,1697072
2025-06-02,KNRE,3.57,1966042
2025-06-03,KNRE,3.56,1045268
2025-06-04,KNRE,3.61,1815486
2025-06-05,KNRE,3.63,2576126
2025-06-06,KNRE,3.69,1906706
2025-06-09,KNRE,3.72,2762559
2025-06-10,KNRE,3.75,2184626
2025-06-11,KNRE,3.69,1689251
2025-06-12,KNRE,3.73,2251090
2025-06-13,KNRE,3.76,1691949
2025-06-16,KNRE,3.70,1068815
2025-06-17,KNRE,3.75,1142451
2025-06-18,KNRE,3.74,977891
2025-06-19,KNRE,3.76,295987
2025-06-20,KNRE,3.78,1258539
2025-06-23,KNRE,3.78,1349460
2025-06-24,KNRE,3.72,2522563
2025-06-25,KNRE,3.72,1504041
2025-06-26,KNRE,3.71,409789
2025-06-27,KNRE,3.70,1791949
2025-06-30,KNRE,3.72,822535
2025-07-01,KNRE,3.80,1616683
2025-07-02,KNRE,3.84,1140999
2025-07-03,KNRE,3.81,1226227
2025-07-04,KNRE,3.78,116537
2025-07-07,KNRE,3.80,1853190
2025-07-08,KNRE,3.88,1689724
2025-07-09,KNRE,3.96,674654
2025-07-10,KNRE,3.97,248989
2025-07-11,KNRE,3.96,2937737
2025-07-14,KNRE,3.90,1259583
2025-07-15,KNRE,3.86,2906629
2025-07-16,KNRE,3.87,1786142
2025-07-17,KNRE,3.81,1014698
2025-07-18,KNRE,3.85,2227308
2025-07-21,KNRE,3.81,2860360
2025-07-22,KNRE,3.85,1170174
2025-07-23,KNRE,3.87,1347375
2025-07-24,KNRE,3.86,914730
2025-07-25,KNRE,3.90,368837
2025-07-28,KNRE,3.94,271257
2025-07-29,KNRE,3.98,612464
2025-07-30,KNRE,3.94,840649
2025-07-31,KNRE,3.89,2918583
2025-08-01,KNRE,3.97,1283923
2025-08-04,KNRE,3.99,1778003
2025-08-05,KNRE,3.99,794339
2025-08-06,KNRE,3.93,2287831
2025-08-07,KNRE,3.98,1268295
2025-08-08,KNRE,4.00,1296286
2025-08-11,KNRE,4.07,2376832
2025-08-12,KNRE,4.11,2796582
2025-08-13,KNRE,4.15,2919770
2025-08-14,KNRE,4.09,517364
2025-08-15,KNRE,4.15,959323
2025-08-18,KNRE,4.17,283291
2025-08-19,KNRE,4.13,1458276
2025-08-20,KNRE,4.16,2812737
2025-08-21,KNRE,4.17,2948826
2025-08-22,KNRE,4.21,2940441
2025-08-25,KNRE,4.29,1226860
2025-08-26,KNRE,4.36,1577248
2025-08-27,KNRE,4.40,2985892
2025-08-28,KNRE,4.39,2398189
2025-08-29,KNRE,4.47,1021898
2025-09-01,KNRE,4.57,1366567
2025-09-02,KNRE,4.60,422248
2025-09-03,KNRE,4.65,1668718
2025-09-04,KNRE,4.64,1258422
2025-09-05,KNRE,4.71,2181468
2025-09-08,KNRE,4.69,155163
2025-09-09,KNRE,4.68,1492657
2025-09-10,KNRE,4.74,1323513
2025-09-11,KNRE,4.79,2781615
2025-09-12,KNRE,4.86,83366
2025-09-15,KNRE,4.86,977152
2025-09-16,KNRE,4.86,1963998
2025-09-17,KNRE,4.97,2180722
2025-09-18,KNRE,4.90,386497
2025-09-19,KNRE,4.90,1869695
2025-09-22,KNRE,4.82,1843182
2025-09-23,KNRE,4.81,2872425
2025-09-24,KNRE,4.81,1864753
2025-09-25,KNRE,4.76,834568
2025-09-26,KNRE,4.79,1419401
2025-09-29,KNRE,4.86,1513851
2025-09-30,KNRE,4.97,1476595
2025-10-01,KNRE,5.03,2390293
2025-10-02,KNRE,5.14,310984
2025-10-03,KNRE,5.20,1798846
2025-10-06,KNRE,5.30,2555637
2025-10-07,KNRE,5.33,85939
2025-10-08,KNRE,5.44,1716137
2025-10-09,KNRE,5.45,1370246
2025-10-10,KNRE,5.54,284363
2025-10-13,KNRE,5.56,2133259
2025-10-14,KNRE,5.62,78866
2025-10-15,KNRE,5.54,1666649
2025-10-16,KNRE,5.58,2170387
2025-10-17,KNRE,5.52,314845
2025-10-20,KNRE,5.63,690906
2025-10-21,KNRE,5.65,1056631
2025-10-22,KNRE,5.57,2515723
2025-10-23,KNRE,5.63,765607
2025-10-24,KNRE,5.61,1745508
2025-10-27,KNRE,5.53,570511
2025-10-28,KNRE,5.64,2979327
2025-10-29,KNRE,5.58,1763780
2025-10-30,KNRE,5.55,1971001
2025-10-31,KNRE,5.66,1227767
2025-11-03,KNRE,5.68,115162
2025-11-04,KNRE,5.75,2257138
2025-11-05,KNRE,5.87,1620917
2025-11-06,KNRE,5.84,1436385
2025-11-07,KNRE,5.78,1828175
2025-11-10,KNRE,5.84,1471655
2025-11-11,KNRE,5.91,138662
2025-11-12,KNRE,5.82,2204657
2025-11-13,KNRE,5.94,1327207
2025-11-14,KNRE,5.88,2504129
2025-11-17,KNRE,5.91,2749011
2025-11-18,KNRE,5.90,2726479
2025-11-19,KNRE,5.83,1269876
2025-11-20,KNRE,5.95,2626996
2025-11-21,KNRE,5.95,1022660
2025-11-24,KNRE,5.97,2048994
2025-11-25,KNRE,5.93,1953642
2025-11-26,KNRE,5.98,906654
2025-11-27,KNRE,5.94,2169415
2025-11-28,KNRE,6.06,2991975
2025-12-01,KNRE,6.18,2772559
2025-12-02,KNRE,6.10,2758074
2025-12-03,KNRE,6.05,638820
2025-12-04,KNRE,6.16,371578
2025-12-05,KNRE,6.10,1701839
2025-12-08,KNRE,6.14,2475093
2025-12-09,KNRE,6.10,1016882
2025-12-10,KNRE,6.20,289783
2025-12-11,KNRE,6.15,1026880
2025-12-12,KNRE,6.29,737831
2025-12-15,KNRE,6.24,2685424
2025-12-16,KNRE,6.37,2463139
2025-12-17,KNRE,6.34,1044743
2025-12-18,KNRE,6.36,1459261
2025-12-19,KNRE,6.36,504130
2025-12-22,KNRE,6.40,694382
2025-12-23,KNRE,6.38,2403396
2025-12-24,KNRE,6.45,1436704
2025-12-25,KNRE,6.47,503158
2025-12-26,KNRE,6.39,2910815
2025-12-29,KNRE,6.39,95748
2025-12-30,KNRE,6.48,1983843
2025-12-31,KNRE,6.48,2623700
2026-01-01,KNRE,6.46,2757752
2026-01-02,KNRE,6.52,2773228
2026-01-05,KNRE,6.45,1230448
2026-01-06,KNRE,6.50,620010
2026-01-07,KNRE,6.64,272918
2026-01-08,KNRE,6.61,2351192
2026-01-09,KNRE,6.69,2603659
2026-01-12,KNRE,6.66,2245305
2026-01-13,KNRE,6.56,2294189
2026-01-14,KNRE,6.68,2411550
2026-01-15,KNRE,6.80,159945
2026-01-16,KNRE,6.71,2378621
2026-01-19,KNRE,6.78,785466
2026-01-20,KNRE,6.70,122211
2026-01-21,KNRE,6.83,2304027
2026-01-22,KNRE,6.72,2792409
2026-01-23,KNRE,6.68,1888801
2026-01-26,KNRE,6.74,720406
2026-01-27,KNRE,6.65,810250
2026-01-28,KNRE,6.66,987118
2026-01-29,KNRE,6.75,1621554
2026-01-30,KNRE,6.84,415370
2026-02-02,KNRE,6.83,1574180
2026-02-03,KNRE,6.98,1141785
2026-02-04,KNRE,6.99,865870
2026-02-05,KNRE,7.00,2415328
2026-02-06,KNRE,6.97,2184621
2026-02-09,KNRE,6.87,2277730
2026-02-10,KNRE,6.84,2677753
2026-02-11,KNRE,6.74,990786
2026-02-12,KNRE,6.68,1291694
2026-02-13,KNRE,6.75,2846709
2026-02-16,KNRE,6.79,1839966
2026-02-17,KNRE,6.68,2948711
2026-02-18,KNRE,6.82,2989303
2026-02-19,KNRE,6.86,2389270
2026-02-20,KNRE,6.98,717465
2026-02-23,KNRE,7.13,1194465
2026-02-24,KNRE,7.24,553208
2026-02-25,KNRE,7.18,827647
2026-02-26,KNRE,7.10,660013
2026-02-27,KNRE,7.14,1941915
2026-03-02,KNRE,7.21,1243431
2026-03-03,KNRE,7.19,2640501
2026-03-04,KNRE,7.11,103812
2026-03-05,KNRE,7.21,2166055
2026-03-06,KNRE,7.31,543755
2026-03-09,KNRE,7.28,1517620
2026-03-10,KNRE,7.40,575329
2026-03-11,KNRE,7.44,1480625
2026-03-12,KNRE,7.35,492532
2026-03-13,KNRE,7.35,2724639
2026-03-16,KNRE,7.42,765932
2026-03-17,KNRE,7.45,1976386
2026-03-18,KNRE,7.48,370479
2026-03-19,KNRE,7.51,581545
2026-03-20,KNRE,7.52,2619584
2026-03-23,KNRE,7.55,1412090
2026-03-24,KNRE,7.49,2259919
2026-03-25,KNRE,7.52,2707279
2026-03-26,KNRE,7.69,881512
2026-03-27,KNRE,7.81,1070645
2026-03-30,KNRE,7.89,2229701
2026-03-31,KNRE,7.93,1831647
2026-04-01,KNRE,7.88,437517
2026-04-02,KNRE,8.06,2332771
2026-04-03,KNRE,7.97,423275
2026-04-06,KNRE,8.11,2491318
2026-04-07,KNRE,8.21,2006060
2026-04-08,KNRE,8.20,2231413
2026-04-09,KNRE,8.35,1266599
2026-04-10,KNRE,8.36,2015848
2026-04-13,KNRE,8.51,2031973
2026-04-14,KNRE,8.44,1211171
2026-04-15,KNRE,8.45,2096035
2026-04-16,KNRE,8.61,2653718
2026-04-17,KNRE,8.58,2052886
2026-04-20,KNRE,8.55,1461052
2026-04-21,KNRE,8.47,811018
2026-04-22,KNRE,8.61,463463
2026-04-23,KNRE,8.54,1194187
2026-04-24,KNRE,8.61,2729262